match_id,tournament_id,manager_id
M-1930-01,WC-1930,M-054
M-1930-01,WC-1930,M-175
M-1930-02,WC-1930,M-200
M-1930-02,WC-1930,M-099
M-1930-03,WC-1930,M-303
M-1930-03,WC-1930,M-067
M-1930-04,WC-1930,M-260
M-1930-04,WC-1930,M-041
M-1930-05,WC-1930,M-222
M-1930-05,WC-1930,M-325
M-1930-05,WC-1930,M-054
M-1930-06,WC-1930,M-228
M-1930-06,WC-1930,M-175
M-1930-07,WC-1930,M-303
M-1930-07,WC-1930,M-290
M-1930-08,WC-1930,M-200
M-1930-08,WC-1930,M-079
M-1930-09,WC-1930,M-313
M-1930-09,WC-1930,M-041
M-1930-10,WC-1930,M-228
M-1930-10,WC-1930,M-054
M-1930-11,WC-1930,M-222
M-1930-11,WC-1930,M-325
M-1930-11,WC-1930,M-175
M-1930-12,WC-1930,M-067
M-1930-12,WC-1930,M-290
M-1930-13,WC-1930,M-079
M-1930-13,WC-1930,M-099
M-1930-14,WC-1930,M-313
M-1930-14,WC-1930,M-260
M-1930-15,WC-1930,M-222
M-1930-15,WC-1930,M-325
M-1930-15,WC-1930,M-228
M-1930-16,WC-1930,M-222
M-1930-16,WC-1930,M-325
M-1930-16,WC-1930,M-200
M-1930-17,WC-1930,M-313
M-1930-17,WC-1930,M-303
M-1930-18,WC-1930,M-313
M-1930-18,WC-1930,M-222
M-1930-18,WC-1930,M-325
M-1934-01,WC-1934,M-188
M-1934-01,WC-1934,M-147
M-1934-02,WC-1934,M-242
M-1934-02,WC-1934,M-260
M-1934-02,WC-1934,M-329
M-1934-03,WC-1934,M-216
M-1934-03,WC-1934,M-099
M-1934-04,WC-1934,M-211
M-1934-04,WC-1934,M-187
M-1934-05,WC-1934,M-253
M-1934-05,WC-1934,M-104
M-1934-06,WC-1934,M-093
M-1934-06,WC-1934,M-343
M-1934-07,WC-1934,M-243
M-1934-07,WC-1934,M-235
M-1934-08,WC-1934,M-207
M-1934-08,WC-1934,M-095
M-1934-09,WC-1934,M-188
M-1934-09,WC-1934,M-211
M-1934-10,WC-1934,M-242
M-1934-10,WC-1934,M-207
M-1934-11,WC-1934,M-216
M-1934-11,WC-1934,M-243
M-1934-12,WC-1934,M-253
M-1934-12,WC-1934,M-093
M-1934-13,WC-1934,M-253
M-1934-13,WC-1934,M-093
M-1934-14,WC-1934,M-242
M-1934-14,WC-1934,M-216
M-1934-15,WC-1934,M-253
M-1934-15,WC-1934,M-188
M-1934-16,WC-1934,M-216
M-1934-16,WC-1934,M-188
M-1934-17,WC-1934,M-253
M-1934-17,WC-1934,M-242
M-1938-01,WC-1938,M-264
M-1938-01,WC-1938,M-114
M-1938-02,WC-1938,M-318
M-1938-02,WC-1938,M-260
M-1938-02,WC-1938,M-291
M-1938-03,WC-1938,M-019
M-1938-03,WC-1938,M-046
M-1938-04,WC-1938,M-074
M-1938-04,WC-1938,M-293
M-1938-04,WC-1938,M-183
M-1938-05,WC-1938,M-253
M-1938-05,WC-1938,M-111
M-1938-06,WC-1938,M-247
M-1938-06,WC-1938,M-137
M-1938-07,WC-1938,M-189
M-1938-07,WC-1938,M-095
M-1938-08,WC-1938,M-318
M-1938-08,WC-1938,M-260
M-1938-08,WC-1938,M-291
M-1938-09,WC-1938,M-264
M-1938-09,WC-1938,M-114
M-1938-10,WC-1938,M-247
M-1938-10,WC-1938,M-189
M-1938-11,WC-1938,M-074
M-1938-11,WC-1938,M-293
M-1938-11,WC-1938,M-264
M-1938-12,WC-1938,M-253
M-1938-12,WC-1938,M-019
M-1938-13,WC-1938,M-212
M-1938-13,WC-1938,M-318
M-1938-14,WC-1938,M-247
M-1938-14,WC-1938,M-189
M-1938-15,WC-1938,M-074
M-1938-15,WC-1938,M-293
M-1938-15,WC-1938,M-212
M-1938-16,WC-1938,M-253
M-1938-16,WC-1938,M-247
M-1938-17,WC-1938,M-247
M-1938-17,WC-1938,M-212
M-1938-18,WC-1938,M-253
M-1938-18,WC-1938,M-074
M-1938-18,WC-1938,M-293
M-1950-01,WC-1950,M-062
M-1950-01,WC-1950,M-337
M-1950-02,WC-1950,M-016
M-1950-02,WC-1950,M-010
M-1950-03,WC-1950,M-354
M-1950-03,WC-1950,M-043
M-1950-04,WC-1950,M-080
M-1950-04,WC-1950,M-132
M-1950-05,WC-1950,M-266
M-1950-05,WC-1950,M-220
M-1950-06,WC-1950,M-062
M-1950-06,WC-1950,M-010
M-1950-07,WC-1950,M-016
M-1950-07,WC-1950,M-337
M-1950-08,WC-1950,M-080
M-1950-08,WC-1950,M-043
M-1950-09,WC-1950,M-132
M-1950-09,WC-1950,M-354
M-1950-10,WC-1950,M-266
M-1950-10,WC-1950,M-090
M-1950-11,WC-1950,M-062
M-1950-11,WC-1950,M-016
M-1950-12,WC-1950,M-043
M-1950-12,WC-1950,M-132
M-1950-13,WC-1950,M-080
M-1950-13,WC-1950,M-354
M-1950-14,WC-1950,M-220
M-1950-14,WC-1950,M-090
M-1950-15,WC-1950,M-170
M-1950-15,WC-1950,M-255
M-1950-16,WC-1950,M-010
M-1950-16,WC-1950,M-337
M-1950-17,WC-1950,M-062
M-1950-17,WC-1950,M-266
M-1950-18,WC-1950,M-170
M-1950-18,WC-1950,M-080
M-1950-19,WC-1950,M-062
M-1950-19,WC-1950,M-080
M-1950-20,WC-1950,M-170
M-1950-20,WC-1950,M-266
M-1950-21,WC-1950,M-266
M-1950-21,WC-1950,M-080
M-1950-22,WC-1950,M-170
M-1950-22,WC-1950,M-062
M-1954-01,WC-1954,M-205
M-1954-01,WC-1954,M-171
M-1954-02,WC-1954,M-322
M-1954-02,WC-1954,M-245
M-1954-03,WC-1954,M-213
M-1954-03,WC-1954,M-023
M-1954-04,WC-1954,M-170
M-1954-04,WC-1954,M-036
M-1954-05,WC-1954,M-264
M-1954-05,WC-1954,M-065
M-1954-06,WC-1954,M-298
M-1954-06,WC-1954,M-146
M-1954-07,WC-1954,M-114
M-1954-07,WC-1954,M-258
M-1954-08,WC-1954,M-354
M-1954-08,WC-1954,M-167
M-1954-09,WC-1954,M-170
M-1954-09,WC-1954,M-023
M-1954-10,WC-1954,M-205
M-1954-10,WC-1954,M-322
M-1954-11,WC-1954,M-213
M-1954-11,WC-1954,M-036
M-1954-12,WC-1954,M-245
M-1954-12,WC-1954,M-171
M-1954-13,WC-1954,M-298
M-1954-13,WC-1954,M-114
M-1954-14,WC-1954,M-258
M-1954-14,WC-1954,M-146
M-1954-15,WC-1954,M-065
M-1954-15,WC-1954,M-167
M-1954-16,WC-1954,M-354
M-1954-16,WC-1954,M-264
M-1954-17,WC-1954,M-114
M-1954-17,WC-1954,M-258
M-1954-18,WC-1954,M-264
M-1954-18,WC-1954,M-065
M-1954-19,WC-1954,M-213
M-1954-19,WC-1954,M-264
M-1954-20,WC-1954,M-170
M-1954-20,WC-1954,M-354
M-1954-21,WC-1954,M-298
M-1954-21,WC-1954,M-205
M-1954-22,WC-1954,M-114
M-1954-22,WC-1954,M-322
M-1954-23,WC-1954,M-298
M-1954-23,WC-1954,M-170
M-1954-24,WC-1954,M-114
M-1954-24,WC-1954,M-213
M-1954-25,WC-1954,M-213
M-1954-25,WC-1954,M-170
M-1954-26,WC-1954,M-114
M-1954-26,WC-1954,M-298
M-1958-01,WC-1958,M-266
M-1958-01,WC-1958,M-171
M-1958-02,WC-1958,M-309
M-1958-02,WC-1958,M-114
M-1958-03,WC-1958,M-075
M-1958-03,WC-1958,M-149
M-1958-04,WC-1958,M-021
M-1958-04,WC-1958,M-102
M-1958-05,WC-1958,M-322
M-1958-05,WC-1958,M-044
M-1958-05,WC-1958,M-349
M-1958-06,WC-1958,M-018
M-1958-06,WC-1958,M-209
M-1958-07,WC-1958,M-086
M-1958-07,WC-1958,M-015
M-1958-08,WC-1958,M-136
M-1958-08,WC-1958,M-354
M-1958-09,WC-1958,M-309
M-1958-09,WC-1958,M-075
M-1958-10,WC-1958,M-114
M-1958-10,WC-1958,M-149
M-1958-11,WC-1958,M-102
M-1958-11,WC-1958,M-044
M-1958-11,WC-1958,M-349
M-1958-12,WC-1958,M-322
M-1958-12,WC-1958,M-021
M-1958-13,WC-1958,M-171
M-1958-13,WC-1958,M-209
M-1958-14,WC-1958,M-086
M-1958-14,WC-1958,M-354
M-1958-15,WC-1958,M-136
M-1958-15,WC-1958,M-015
M-1958-16,WC-1958,M-266
M-1958-16,WC-1958,M-018
M-1958-17,WC-1958,M-266
M-1958-17,WC-1958,M-209
M-1958-18,WC-1958,M-149
M-1958-18,WC-1958,M-309
M-1958-19,WC-1958,M-114
M-1958-19,WC-1958,M-075
M-1958-20,WC-1958,M-021
M-1958-20,WC-1958,M-044
M-1958-20,WC-1958,M-349
M-1958-21,WC-1958,M-102
M-1958-21,WC-1958,M-322
M-1958-22,WC-1958,M-018
M-1958-22,WC-1958,M-171
M-1958-23,WC-1958,M-086
M-1958-23,WC-1958,M-136
M-1958-24,WC-1958,M-354
M-1958-24,WC-1958,M-015
M-1958-25,WC-1958,M-075
M-1958-25,WC-1958,M-149
M-1958-26,WC-1958,M-209
M-1958-26,WC-1958,M-018
M-1958-27,WC-1958,M-136
M-1958-27,WC-1958,M-354
M-1958-28,WC-1958,M-086
M-1958-28,WC-1958,M-209
M-1958-29,WC-1958,M-021
M-1958-29,WC-1958,M-075
M-1958-30,WC-1958,M-266
M-1958-30,WC-1958,M-136
M-1958-31,WC-1958,M-114
M-1958-31,WC-1958,M-322
M-1958-32,WC-1958,M-086
M-1958-32,WC-1958,M-021
M-1958-33,WC-1958,M-266
M-1958-33,WC-1958,M-114
M-1958-34,WC-1958,M-021
M-1958-34,WC-1958,M-114
M-1958-35,WC-1958,M-086
M-1958-35,WC-1958,M-266
M-1962-01,WC-1962,M-061
M-1962-01,WC-1962,M-237
M-1962-02,WC-1962,M-270
M-1962-02,WC-1962,M-264
M-1962-03,WC-1962,M-204
M-1962-03,WC-1962,M-327
M-1962-04,WC-1962,M-172
M-1962-04,WC-1962,M-231
M-1962-05,WC-1962,M-136
M-1962-05,WC-1962,M-173
M-1962-05,WC-1962,M-198
M-1962-06,WC-1962,M-114
M-1962-06,WC-1962,M-088
M-1962-06,WC-1962,M-185
M-1962-07,WC-1962,M-347
M-1962-07,WC-1962,M-116
M-1962-08,WC-1962,M-018
M-1962-08,WC-1962,M-354
M-1962-09,WC-1962,M-173
M-1962-09,WC-1962,M-198
M-1962-09,WC-1962,M-061
M-1962-10,WC-1962,M-270
M-1962-10,WC-1962,M-088
M-1962-10,WC-1962,M-185
M-1962-11,WC-1962,M-204
M-1962-11,WC-1962,M-347
M-1962-12,WC-1962,M-354
M-1962-12,WC-1962,M-172
M-1962-13,WC-1962,M-136
M-1962-13,WC-1962,M-237
M-1962-14,WC-1962,M-114
M-1962-14,WC-1962,M-264
M-1962-15,WC-1962,M-116
M-1962-15,WC-1962,M-327
M-1962-16,WC-1962,M-018
M-1962-16,WC-1962,M-231
M-1962-17,WC-1962,M-136
M-1962-17,WC-1962,M-061
M-1962-18,WC-1962,M-114
M-1962-18,WC-1962,M-270
M-1962-19,WC-1962,M-204
M-1962-19,WC-1962,M-116
M-1962-20,WC-1962,M-018
M-1962-20,WC-1962,M-172
M-1962-21,WC-1962,M-173
M-1962-21,WC-1962,M-198
M-1962-21,WC-1962,M-237
M-1962-22,WC-1962,M-088
M-1962-22,WC-1962,M-185
M-1962-22,WC-1962,M-264
M-1962-23,WC-1962,M-327
M-1962-23,WC-1962,M-347
M-1962-24,WC-1962,M-354
M-1962-24,WC-1962,M-231
M-1962-25,WC-1962,M-204
M-1962-25,WC-1962,M-354
M-1962-26,WC-1962,M-270
M-1962-26,WC-1962,M-136
M-1962-27,WC-1962,M-347
M-1962-27,WC-1962,M-018
M-1962-28,WC-1962,M-173
M-1962-28,WC-1962,M-198
M-1962-28,WC-1962,M-114
M-1962-29,WC-1962,M-204
M-1962-29,WC-1962,M-270
M-1962-30,WC-1962,M-347
M-1962-30,WC-1962,M-173
M-1962-30,WC-1962,M-198
M-1962-31,WC-1962,M-270
M-1962-31,WC-1962,M-173
M-1962-31,WC-1962,M-198
M-1962-32,WC-1962,M-204
M-1962-32,WC-1962,M-347
M-1966-01,WC-1966,M-263
M-1966-01,WC-1966,M-340
M-1966-02,WC-1966,M-296
M-1966-02,WC-1966,M-091
M-1966-03,WC-1966,M-086
M-1966-03,WC-1966,M-347
M-1966-04,WC-1966,M-206
M-1966-04,WC-1966,M-210
M-1966-05,WC-1966,M-106
M-1966-05,WC-1966,M-327
M-1966-06,WC-1966,M-172
M-1966-06,WC-1966,M-341
M-1966-07,WC-1966,M-096
M-1966-07,WC-1966,M-018
M-1966-08,WC-1966,M-084
M-1966-08,WC-1966,M-008
M-1966-09,WC-1966,M-340
M-1966-09,WC-1966,M-106
M-1966-10,WC-1966,M-341
M-1966-10,WC-1966,M-091
M-1966-11,WC-1966,M-018
M-1966-11,WC-1966,M-086
M-1966-12,WC-1966,M-008
M-1966-12,WC-1966,M-210
M-1966-13,WC-1966,M-172
M-1966-13,WC-1966,M-296
M-1966-14,WC-1966,M-096
M-1966-14,WC-1966,M-347
M-1966-15,WC-1966,M-206
M-1966-15,WC-1966,M-084
M-1966-16,WC-1966,M-263
M-1966-16,WC-1966,M-327
M-1966-17,WC-1966,M-327
M-1966-17,WC-1966,M-340
M-1966-18,WC-1966,M-172
M-1966-18,WC-1966,M-091
M-1966-19,WC-1966,M-096
M-1966-19,WC-1966,M-086
M-1966-20,WC-1966,M-210
M-1966-20,WC-1966,M-084
M-1966-21,WC-1966,M-263
M-1966-21,WC-1966,M-106
M-1966-22,WC-1966,M-296
M-1966-22,WC-1966,M-341
M-1966-23,WC-1966,M-018
M-1966-23,WC-1966,M-347
M-1966-24,WC-1966,M-206
M-1966-24,WC-1966,M-008
M-1966-25,WC-1966,M-263
M-1966-25,WC-1966,M-172
M-1966-26,WC-1966,M-096
M-1966-26,WC-1966,M-210
M-1966-27,WC-1966,M-206
M-1966-27,WC-1966,M-018
M-1966-28,WC-1966,M-296
M-1966-28,WC-1966,M-340
M-1966-29,WC-1966,M-296
M-1966-29,WC-1966,M-206
M-1966-30,WC-1966,M-263
M-1966-30,WC-1966,M-096
M-1966-31,WC-1966,M-096
M-1966-31,WC-1966,M-206
M-1966-32,WC-1966,M-263
M-1966-32,WC-1966,M-296
M-1970-01,WC-1970,M-051
M-1970-01,WC-1970,M-136
M-1970-02,WC-1970,M-125
M-1970-02,WC-1970,M-294
M-1970-03,WC-1970,M-263
M-1970-03,WC-1970,M-217
M-1970-04,WC-1970,M-073
M-1970-04,WC-1970,M-038
M-1970-05,WC-1970,M-098
M-1970-05,WC-1970,M-053
M-1970-06,WC-1970,M-330
M-1970-06,WC-1970,M-027
M-1970-07,WC-1970,M-356
M-1970-07,WC-1970,M-180
M-1970-08,WC-1970,M-296
M-1970-08,WC-1970,M-339
M-1970-09,WC-1970,M-136
M-1970-09,WC-1970,M-098
M-1970-10,WC-1970,M-125
M-1970-10,WC-1970,M-330
M-1970-11,WC-1970,M-217
M-1970-11,WC-1970,M-180
M-1970-12,WC-1970,M-073
M-1970-12,WC-1970,M-339
M-1970-13,WC-1970,M-051
M-1970-13,WC-1970,M-053
M-1970-14,WC-1970,M-027
M-1970-14,WC-1970,M-294
M-1970-15,WC-1970,M-356
M-1970-15,WC-1970,M-263
M-1970-16,WC-1970,M-296
M-1970-16,WC-1970,M-038
M-1970-17,WC-1970,M-136
M-1970-17,WC-1970,M-053
M-1970-18,WC-1970,M-027
M-1970-18,WC-1970,M-125
M-1970-19,WC-1970,M-356
M-1970-19,WC-1970,M-217
M-1970-20,WC-1970,M-296
M-1970-20,WC-1970,M-073
M-1970-21,WC-1970,M-051
M-1970-21,WC-1970,M-098
M-1970-22,WC-1970,M-330
M-1970-22,WC-1970,M-294
M-1970-23,WC-1970,M-263
M-1970-23,WC-1970,M-180
M-1970-24,WC-1970,M-038
M-1970-24,WC-1970,M-339
M-1970-25,WC-1970,M-356
M-1970-25,WC-1970,M-073
M-1970-26,WC-1970,M-330
M-1970-26,WC-1970,M-051
M-1970-27,WC-1970,M-136
M-1970-27,WC-1970,M-125
M-1970-28,WC-1970,M-296
M-1970-28,WC-1970,M-263
M-1970-29,WC-1970,M-356
M-1970-29,WC-1970,M-125
M-1970-30,WC-1970,M-330
M-1970-30,WC-1970,M-296
M-1970-31,WC-1970,M-296
M-1970-31,WC-1970,M-125
M-1970-32,WC-1970,M-356
M-1970-32,WC-1970,M-330
M-1974-01,WC-1974,M-356
M-1974-01,WC-1974,M-199
M-1974-02,WC-1974,M-296
M-1974-02,WC-1974,M-008
M-1974-03,WC-1974,M-045
M-1974-03,WC-1974,M-265
M-1974-04,WC-1974,M-339
M-1974-04,WC-1974,M-227
M-1974-05,WC-1974,M-082
M-1974-05,WC-1974,M-202
M-1974-06,WC-1974,M-251
M-1974-06,WC-1974,M-197
M-1974-07,WC-1974,M-330
M-1974-07,WC-1974,M-319
M-1974-08,WC-1974,M-103
M-1974-08,WC-1974,M-049
M-1974-09,WC-1974,M-265
M-1974-09,WC-1974,M-296
M-1974-10,WC-1974,M-008
M-1974-10,WC-1974,M-045
M-1974-11,WC-1974,M-227
M-1974-11,WC-1974,M-356
M-1974-12,WC-1974,M-199
M-1974-12,WC-1974,M-339
M-1974-13,WC-1974,M-202
M-1974-13,WC-1974,M-251
M-1974-14,WC-1974,M-197
M-1974-14,WC-1974,M-082
M-1974-15,WC-1974,M-049
M-1974-15,WC-1974,M-330
M-1974-16,WC-1974,M-319
M-1974-16,WC-1974,M-103
M-1974-17,WC-1974,M-265
M-1974-17,WC-1974,M-008
M-1974-18,WC-1974,M-227
M-1974-18,WC-1974,M-199
M-1974-19,WC-1974,M-339
M-1974-19,WC-1974,M-356
M-1974-20,WC-1974,M-045
M-1974-20,WC-1974,M-296
M-1974-21,WC-1974,M-202
M-1974-21,WC-1974,M-197
M-1974-22,WC-1974,M-082
M-1974-22,WC-1974,M-251
M-1974-23,WC-1974,M-049
M-1974-23,WC-1974,M-319
M-1974-24,WC-1974,M-103
M-1974-24,WC-1974,M-330
M-1974-25,WC-1974,M-199
M-1974-25,WC-1974,M-296
M-1974-26,WC-1974,M-356
M-1974-26,WC-1974,M-045
M-1974-27,WC-1974,M-197
M-1974-27,WC-1974,M-049
M-1974-28,WC-1974,M-082
M-1974-28,WC-1974,M-103
M-1974-29,WC-1974,M-049
M-1974-29,WC-1974,M-356
M-1974-30,WC-1974,M-045
M-1974-30,WC-1974,M-197
M-1974-31,WC-1974,M-103
M-1974-31,WC-1974,M-199
M-1974-32,WC-1974,M-296
M-1974-32,WC-1974,M-082
M-1974-33,WC-1974,M-103
M-1974-33,WC-1974,M-296
M-1974-34,WC-1974,M-049
M-1974-34,WC-1974,M-045
M-1974-35,WC-1974,M-197
M-1974-35,WC-1974,M-356
M-1974-36,WC-1974,M-082
M-1974-36,WC-1974,M-199
M-1974-37,WC-1974,M-356
M-1974-37,WC-1974,M-103
M-1974-38,WC-1974,M-197
M-1974-38,WC-1974,M-296
M-1978-01,WC-1978,M-296
M-1978-01,WC-1978,M-097
M-1978-02,WC-1978,M-022
M-1978-02,WC-1978,M-119
M-1978-03,WC-1978,M-058
M-1978-03,WC-1978,M-272
M-1978-04,WC-1978,M-192
M-1978-04,WC-1978,M-018
M-1978-05,WC-1978,M-300
M-1978-05,WC-1978,M-153
M-1978-06,WC-1978,M-063
M-1978-06,WC-1978,M-082
M-1978-07,WC-1978,M-112
M-1978-07,WC-1978,M-203
M-1978-08,WC-1978,M-047
M-1978-08,WC-1978,M-177
M-1978-09,WC-1978,M-022
M-1978-09,WC-1978,M-018
M-1978-10,WC-1978,M-097
M-1978-10,WC-1978,M-058
M-1978-11,WC-1978,M-296
M-1978-11,WC-1978,M-272
M-1978-12,WC-1978,M-192
M-1978-12,WC-1978,M-119
M-1978-13,WC-1978,M-300
M-1978-13,WC-1978,M-082
M-1978-14,WC-1978,M-063
M-1978-14,WC-1978,M-153
M-1978-15,WC-1978,M-112
M-1978-15,WC-1978,M-047
M-1978-16,WC-1978,M-177
M-1978-16,WC-1978,M-203
M-1978-17,WC-1978,M-119
M-1978-17,WC-1978,M-018
M-1978-18,WC-1978,M-097
M-1978-18,WC-1978,M-272
M-1978-19,WC-1978,M-296
M-1978-19,WC-1978,M-058
M-1978-20,WC-1978,M-192
M-1978-20,WC-1978,M-022
M-1978-21,WC-1978,M-063
M-1978-21,WC-1978,M-300
M-1978-22,WC-1978,M-153
M-1978-22,WC-1978,M-082
M-1978-23,WC-1978,M-047
M-1978-23,WC-1978,M-203
M-1978-24,WC-1978,M-177
M-1978-24,WC-1978,M-112
M-1978-25,WC-1978,M-300
M-1978-25,WC-1978,M-112
M-1978-26,WC-1978,M-022
M-1978-26,WC-1978,M-296
M-1978-27,WC-1978,M-063
M-1978-27,WC-1978,M-047
M-1978-28,WC-1978,M-192
M-1978-28,WC-1978,M-097
M-1978-29,WC-1978,M-047
M-1978-29,WC-1978,M-097
M-1978-30,WC-1978,M-022
M-1978-30,WC-1978,M-300
M-1978-31,WC-1978,M-112
M-1978-31,WC-1978,M-296
M-1978-32,WC-1978,M-192
M-1978-32,WC-1978,M-063
M-1978-33,WC-1978,M-300
M-1978-33,WC-1978,M-296
M-1978-34,WC-1978,M-022
M-1978-34,WC-1978,M-112
M-1978-35,WC-1978,M-063
M-1978-35,WC-1978,M-097
M-1978-36,WC-1978,M-192
M-1978-36,WC-1978,M-047
M-1978-37,WC-1978,M-063
M-1978-37,WC-1978,M-022
M-1978-38,WC-1978,M-192
M-1978-38,WC-1978,M-112
M-1982-01,WC-1982,M-192
M-1982-01,WC-1982,M-320
M-1982-02,WC-1982,M-022
M-1982-02,WC-1982,M-246
M-1982-03,WC-1982,M-286
M-1982-03,WC-1982,M-028
M-1982-04,WC-1982,M-321
M-1982-04,WC-1982,M-342
M-1982-05,WC-1982,M-193
M-1982-05,WC-1982,M-273
M-1982-06,WC-1982,M-310
M-1982-06,WC-1982,M-002
M-1982-07,WC-1982,M-071
M-1982-07,WC-1982,M-142
M-1982-07,WC-1982,M-191
M-1982-08,WC-1982,M-105
M-1982-08,WC-1982,M-119
M-1982-09,WC-1982,M-285
M-1982-09,WC-1982,M-068
M-1982-10,WC-1982,M-287
M-1982-10,WC-1982,M-159
M-1982-10,WC-1982,M-295
M-1982-11,WC-1982,M-335
M-1982-11,WC-1982,M-234
M-1982-12,WC-1982,M-199
M-1982-12,WC-1982,M-031
M-1982-13,WC-1982,M-022
M-1982-13,WC-1982,M-321
M-1982-14,WC-1982,M-192
M-1982-14,WC-1982,M-193
M-1982-15,WC-1982,M-286
M-1982-15,WC-1982,M-310
M-1982-16,WC-1982,M-246
M-1982-16,WC-1982,M-342
M-1982-17,WC-1982,M-320
M-1982-17,WC-1982,M-273
M-1982-18,WC-1982,M-028
M-1982-18,WC-1982,M-002
M-1982-19,WC-1982,M-071
M-1982-19,WC-1982,M-287
M-1982-20,WC-1982,M-105
M-1982-20,WC-1982,M-335
M-1982-21,WC-1982,M-285
M-1982-21,WC-1982,M-199
M-1982-22,WC-1982,M-142
M-1982-22,WC-1982,M-191
M-1982-22,WC-1982,M-159
M-1982-22,WC-1982,M-295
M-1982-23,WC-1982,M-119
M-1982-23,WC-1982,M-234
M-1982-24,WC-1982,M-068
M-1982-24,WC-1982,M-031
M-1982-25,WC-1982,M-246
M-1982-25,WC-1982,M-321
M-1982-26,WC-1982,M-320
M-1982-26,WC-1982,M-193
M-1982-27,WC-1982,M-028
M-1982-27,WC-1982,M-310
M-1982-28,WC-1982,M-022
M-1982-28,WC-1982,M-342
M-1982-29,WC-1982,M-192
M-1982-29,WC-1982,M-273
M-1982-30,WC-1982,M-286
M-1982-30,WC-1982,M-002
M-1982-31,WC-1982,M-142
M-1982-31,WC-1982,M-191
M-1982-31,WC-1982,M-287
M-1982-32,WC-1982,M-119
M-1982-32,WC-1982,M-335
M-1982-33,WC-1982,M-068
M-1982-33,WC-1982,M-199
M-1982-34,WC-1982,M-071
M-1982-34,WC-1982,M-159
M-1982-34,WC-1982,M-295
M-1982-35,WC-1982,M-105
M-1982-35,WC-1982,M-234
M-1982-36,WC-1982,M-285
M-1982-36,WC-1982,M-031
M-1982-37,WC-1982,M-159
M-1982-37,WC-1982,M-295
M-1982-37,WC-1982,M-119
M-1982-38,WC-1982,M-246
M-1982-38,WC-1982,M-320
M-1982-39,WC-1982,M-022
M-1982-39,WC-1982,M-192
M-1982-40,WC-1982,M-071
M-1982-40,WC-1982,M-105
M-1982-41,WC-1982,M-159
M-1982-41,WC-1982,M-295
M-1982-41,WC-1982,M-031
M-1982-42,WC-1982,M-320
M-1982-42,WC-1982,M-028
M-1982-43,WC-1982,M-192
M-1982-43,WC-1982,M-286
M-1982-44,WC-1982,M-071
M-1982-44,WC-1982,M-285
M-1982-45,WC-1982,M-119
M-1982-45,WC-1982,M-031
M-1982-46,WC-1982,M-028
M-1982-46,WC-1982,M-246
M-1982-47,WC-1982,M-022
M-1982-47,WC-1982,M-286
M-1982-48,WC-1982,M-285
M-1982-48,WC-1982,M-105
M-1982-49,WC-1982,M-246
M-1982-49,WC-1982,M-022
M-1982-50,WC-1982,M-071
M-1982-50,WC-1982,M-119
M-1982-51,WC-1982,M-246
M-1982-51,WC-1982,M-119
M-1982-52,WC-1982,M-022
M-1982-52,WC-1982,M-071
M-1986-01,WC-1986,M-346
M-1986-01,WC-1986,M-022
M-1986-02,WC-1986,M-208
M-1986-02,WC-1986,M-286
M-1986-03,WC-1986,M-348
M-1986-03,WC-1986,M-196
M-1986-04,WC-1986,M-030
M-1986-04,WC-1986,M-145
M-1986-05,WC-1986,M-168
M-1986-05,WC-1986,M-195
M-1986-06,WC-1986,M-085
M-1986-06,WC-1986,M-246
M-1986-07,WC-1986,M-320
M-1986-07,WC-1986,M-201
M-1986-08,WC-1986,M-279
M-1986-08,WC-1986,M-031
M-1986-09,WC-1986,M-324
M-1986-09,WC-1986,M-271
M-1986-10,WC-1986,M-267
M-1986-10,WC-1986,M-069
M-1986-11,WC-1986,M-037
M-1986-11,WC-1986,M-024
M-1986-12,WC-1986,M-087
M-1986-12,WC-1986,M-249
M-1986-13,WC-1986,M-022
M-1986-13,WC-1986,M-030
M-1986-14,WC-1986,M-196
M-1986-14,WC-1986,M-168
M-1986-15,WC-1986,M-145
M-1986-15,WC-1986,M-346
M-1986-16,WC-1986,M-195
M-1986-16,WC-1986,M-348
M-1986-17,WC-1986,M-286
M-1986-17,WC-1986,M-279
M-1986-18,WC-1986,M-271
M-1986-18,WC-1986,M-085
M-1986-19,WC-1986,M-201
M-1986-19,WC-1986,M-267
M-1986-20,WC-1986,M-031
M-1986-20,WC-1986,M-208
M-1986-21,WC-1986,M-246
M-1986-21,WC-1986,M-324
M-1986-22,WC-1986,M-069
M-1986-22,WC-1986,M-320
M-1986-23,WC-1986,M-024
M-1986-23,WC-1986,M-087
M-1986-24,WC-1986,M-249
M-1986-24,WC-1986,M-037
M-1986-25,WC-1986,M-195
M-1986-25,WC-1986,M-196
M-1986-26,WC-1986,M-168
M-1986-26,WC-1986,M-348
M-1986-27,WC-1986,M-030
M-1986-27,WC-1986,M-346
M-1986-28,WC-1986,M-145
M-1986-28,WC-1986,M-022
M-1986-29,WC-1986,M-069
M-1986-29,WC-1986,M-201
M-1986-30,WC-1986,M-267
M-1986-30,WC-1986,M-320
M-1986-31,WC-1986,M-271
M-1986-31,WC-1986,M-246
M-1986-32,WC-1986,M-324
M-1986-32,WC-1986,M-085
M-1986-33,WC-1986,M-279
M-1986-33,WC-1986,M-208
M-1986-34,WC-1986,M-031
M-1986-34,WC-1986,M-286
M-1986-35,WC-1986,M-249
M-1986-35,WC-1986,M-024
M-1986-36,WC-1986,M-087
M-1986-36,WC-1986,M-037
M-1986-37,WC-1986,M-201
M-1986-37,WC-1986,M-346
M-1986-38,WC-1986,M-168
M-1986-38,WC-1986,M-320
M-1986-39,WC-1986,M-286
M-1986-39,WC-1986,M-246
M-1986-40,WC-1986,M-030
M-1986-40,WC-1986,M-037
M-1986-41,WC-1986,M-022
M-1986-41,WC-1986,M-196
M-1986-42,WC-1986,M-085
M-1986-42,WC-1986,M-024
M-1986-43,WC-1986,M-271
M-1986-43,WC-1986,M-267
M-1986-44,WC-1986,M-249
M-1986-44,WC-1986,M-208
M-1986-45,WC-1986,M-286
M-1986-45,WC-1986,M-196
M-1986-46,WC-1986,M-024
M-1986-46,WC-1986,M-201
M-1986-47,WC-1986,M-030
M-1986-47,WC-1986,M-271
M-1986-48,WC-1986,M-208
M-1986-48,WC-1986,M-320
M-1986-49,WC-1986,M-196
M-1986-49,WC-1986,M-024
M-1986-50,WC-1986,M-030
M-1986-50,WC-1986,M-320
M-1986-51,WC-1986,M-320
M-1986-51,WC-1986,M-196
M-1986-52,WC-1986,M-030
M-1986-52,WC-1986,M-024
M-1990-01,WC-1990,M-030
M-1990-01,WC-1990,M-215
M-1990-02,WC-1990,M-169
M-1990-02,WC-1990,M-133
M-1990-03,WC-1990,M-234
M-1990-03,WC-1990,M-184
M-1990-04,WC-1990,M-338
M-1990-04,WC-1990,M-118
M-1990-05,WC-1990,M-092
M-1990-05,WC-1990,M-335
M-1990-06,WC-1990,M-160
M-1990-06,WC-1990,M-219
M-1990-07,WC-1990,M-024
M-1990-07,WC-1990,M-229
M-1990-08,WC-1990,M-201
M-1990-08,WC-1990,M-276
M-1990-09,WC-1990,M-271
M-1990-09,WC-1990,M-056
M-1990-10,WC-1990,M-320
M-1990-10,WC-1990,M-163
M-1990-11,WC-1990,M-025
M-1990-11,WC-1990,M-005
M-1990-12,WC-1990,M-316
M-1990-12,WC-1990,M-311
M-1990-13,WC-1990,M-030
M-1990-13,WC-1990,M-169
M-1990-14,WC-1990,M-215
M-1990-14,WC-1990,M-133
M-1990-15,WC-1990,M-229
M-1990-15,WC-1990,M-184
M-1990-16,WC-1990,M-338
M-1990-16,WC-1990,M-092
M-1990-17,WC-1990,M-118
M-1990-17,WC-1990,M-335
M-1990-18,WC-1990,M-024
M-1990-18,WC-1990,M-234
M-1990-19,WC-1990,M-160
M-1990-19,WC-1990,M-201
M-1990-20,WC-1990,M-219
M-1990-20,WC-1990,M-276
M-1990-21,WC-1990,M-271
M-1990-21,WC-1990,M-025
M-1990-22,WC-1990,M-056
M-1990-22,WC-1990,M-005
M-1990-23,WC-1990,M-320
M-1990-23,WC-1990,M-316
M-1990-24,WC-1990,M-163
M-1990-24,WC-1990,M-311
M-1990-25,WC-1990,M-030
M-1990-25,WC-1990,M-133
M-1990-26,WC-1990,M-215
M-1990-26,WC-1990,M-169
M-1990-27,WC-1990,M-024
M-1990-27,WC-1990,M-184
M-1990-28,WC-1990,M-229
M-1990-28,WC-1990,M-234
M-1990-29,WC-1990,M-118
M-1990-29,WC-1990,M-092
M-1990-30,WC-1990,M-338
M-1990-30,WC-1990,M-335
M-1990-31,WC-1990,M-160
M-1990-31,WC-1990,M-276
M-1990-32,WC-1990,M-219
M-1990-32,WC-1990,M-201
M-1990-33,WC-1990,M-320
M-1990-33,WC-1990,M-311
M-1990-34,WC-1990,M-163
M-1990-34,WC-1990,M-316
M-1990-35,WC-1990,M-271
M-1990-35,WC-1990,M-005
M-1990-36,WC-1990,M-056
M-1990-36,WC-1990,M-025
M-1990-37,WC-1990,M-215
M-1990-37,WC-1990,M-184
M-1990-38,WC-1990,M-335
M-1990-38,WC-1990,M-201
M-1990-39,WC-1990,M-160
M-1990-39,WC-1990,M-030
M-1990-40,WC-1990,M-024
M-1990-40,WC-1990,M-025
M-1990-41,WC-1990,M-056
M-1990-41,WC-1990,M-133
M-1990-42,WC-1990,M-338
M-1990-42,WC-1990,M-316
M-1990-43,WC-1990,M-311
M-1990-43,WC-1990,M-229
M-1990-44,WC-1990,M-271
M-1990-44,WC-1990,M-320
M-1990-45,WC-1990,M-030
M-1990-45,WC-1990,M-229
M-1990-46,WC-1990,M-056
M-1990-46,WC-1990,M-338
M-1990-47,WC-1990,M-335
M-1990-47,WC-1990,M-024
M-1990-48,WC-1990,M-215
M-1990-48,WC-1990,M-271
M-1990-49,WC-1990,M-030
M-1990-49,WC-1990,M-338
M-1990-50,WC-1990,M-024
M-1990-50,WC-1990,M-271
M-1990-51,WC-1990,M-338
M-1990-51,WC-1990,M-271
M-1990-52,WC-1990,M-024
M-1990-52,WC-1990,M-030
M-1994-01,WC-1994,M-344
M-1994-01,WC-1994,M-017
M-1994-02,WC-1994,M-060
M-1994-02,WC-1994,M-143
M-1994-03,WC-1994,M-201
M-1994-03,WC-1994,M-124
M-1994-04,WC-1994,M-281
M-1994-04,WC-1994,M-056
M-1994-05,WC-1994,M-184
M-1994-05,WC-1994,M-128
M-1994-06,WC-1994,M-333
M-1994-06,WC-1994,M-033
M-1994-07,WC-1994,M-224
M-1994-07,WC-1994,M-190
M-1994-08,WC-1994,M-196
M-1994-08,WC-1994,M-315
M-1994-09,WC-1994,M-234
M-1994-09,WC-1994,M-282
M-1994-10,WC-1994,M-003
M-1994-10,WC-1994,M-305
M-1994-11,WC-1994,M-020
M-1994-11,WC-1994,M-232
M-1994-12,WC-1994,M-344
M-1994-12,WC-1994,M-060
M-1994-13,WC-1994,M-352
M-1994-13,WC-1994,M-239
M-1994-14,WC-1994,M-128
M-1994-14,WC-1994,M-124
M-1994-15,WC-1994,M-201
M-1994-15,WC-1994,M-184
M-1994-16,WC-1994,M-281
M-1994-16,WC-1994,M-224
M-1994-17,WC-1994,M-143
M-1994-17,WC-1994,M-017
M-1994-18,WC-1994,M-190
M-1994-18,WC-1994,M-056
M-1994-19,WC-1994,M-234
M-1994-19,WC-1994,M-196
M-1994-20,WC-1994,M-315
M-1994-20,WC-1994,M-282
M-1994-21,WC-1994,M-333
M-1994-21,WC-1994,M-003
M-1994-22,WC-1994,M-305
M-1994-22,WC-1994,M-033
M-1994-23,WC-1994,M-020
M-1994-23,WC-1994,M-352
M-1994-24,WC-1994,M-239
M-1994-24,WC-1994,M-232
M-1994-25,WC-1994,M-124
M-1994-25,WC-1994,M-184
M-1994-26,WC-1994,M-201
M-1994-26,WC-1994,M-128
M-1994-27,WC-1994,M-017
M-1994-27,WC-1994,M-060
M-1994-28,WC-1994,M-344
M-1994-28,WC-1994,M-143
M-1994-29,WC-1994,M-281
M-1994-29,WC-1994,M-190
M-1994-30,WC-1994,M-056
M-1994-30,WC-1994,M-224
M-1994-31,WC-1994,M-282
M-1994-31,WC-1994,M-196
M-1994-32,WC-1994,M-234
M-1994-32,WC-1994,M-315
M-1994-33,WC-1994,M-333
M-1994-33,WC-1994,M-305
M-1994-34,WC-1994,M-033
M-1994-34,WC-1994,M-003
M-1994-35,WC-1994,M-020
M-1994-35,WC-1994,M-239
M-1994-36,WC-1994,M-232
M-1994-36,WC-1994,M-352
M-1994-37,WC-1994,M-344
M-1994-37,WC-1994,M-333
M-1994-38,WC-1994,M-060
M-1994-38,WC-1994,M-124
M-1994-39,WC-1994,M-305
M-1994-39,WC-1994,M-315
M-1994-40,WC-1994,M-128
M-1994-40,WC-1994,M-020
M-1994-41,WC-1994,M-003
M-1994-41,WC-1994,M-056
M-1994-42,WC-1994,M-234
M-1994-42,WC-1994,M-201
M-1994-43,WC-1994,M-352
M-1994-43,WC-1994,M-281
M-1994-44,WC-1994,M-190
M-1994-44,WC-1994,M-239
M-1994-45,WC-1994,M-281
M-1994-45,WC-1994,M-060
M-1994-46,WC-1994,M-003
M-1994-46,WC-1994,M-234
M-1994-47,WC-1994,M-239
M-1994-47,WC-1994,M-344
M-1994-48,WC-1994,M-128
M-1994-48,WC-1994,M-315
M-1994-49,WC-1994,M-239
M-1994-49,WC-1994,M-281
M-1994-50,WC-1994,M-315
M-1994-50,WC-1994,M-234
M-1994-51,WC-1994,M-315
M-1994-51,WC-1994,M-239
M-1994-52,WC-1994,M-234
M-1994-52,WC-1994,M-281
M-1998-01,WC-1998,M-356
M-1998-01,WC-1998,M-040
M-1998-02,WC-1998,M-196
M-1998-02,WC-1998,M-224
M-1998-03,WC-1998,M-178
M-1998-03,WC-1998,M-001
M-1998-04,WC-1998,M-162
M-1998-04,WC-1998,M-256
M-1998-05,WC-1998,M-052
M-1998-05,WC-1998,M-035
M-1998-06,WC-1998,M-007
M-1998-06,WC-1998,M-234
M-1998-06,WC-1998,M-134
M-1998-07,WC-1998,M-130
M-1998-07,WC-1998,M-328
M-1998-08,WC-1998,M-060
M-1998-08,WC-1998,M-201
M-1998-09,WC-1998,M-055
M-1998-09,WC-1998,M-158
M-1998-10,WC-1998,M-120
M-1998-10,WC-1998,M-164
M-1998-11,WC-1998,M-236
M-1998-11,WC-1998,M-221
M-1998-12,WC-1998,M-289
M-1998-12,WC-1998,M-317
M-1998-13,WC-1998,M-302
M-1998-13,WC-1998,M-032
M-1998-14,WC-1998,M-123
M-1998-14,WC-1998,M-138
M-1998-14,WC-1998,M-299
M-1998-15,WC-1998,M-128
M-1998-15,WC-1998,M-100
M-1998-16,WC-1998,M-344
M-1998-16,WC-1998,M-284
M-1998-17,WC-1998,M-040
M-1998-17,WC-1998,M-224
M-1998-18,WC-1998,M-356
M-1998-18,WC-1998,M-196
M-1998-19,WC-1998,M-001
M-1998-19,WC-1998,M-256
M-1998-20,WC-1998,M-178
M-1998-20,WC-1998,M-162
M-1998-21,WC-1998,M-328
M-1998-21,WC-1998,M-134
M-1998-22,WC-1998,M-130
M-1998-22,WC-1998,M-007
M-1998-22,WC-1998,M-234
M-1998-23,WC-1998,M-201
M-1998-23,WC-1998,M-035
M-1998-24,WC-1998,M-060
M-1998-24,WC-1998,M-052
M-1998-25,WC-1998,M-221
M-1998-25,WC-1998,M-032
M-1998-26,WC-1998,M-164
M-1998-26,WC-1998,M-158
M-1998-27,WC-1998,M-120
M-1998-27,WC-1998,M-055
M-1998-28,WC-1998,M-344
M-1998-28,WC-1998,M-289
M-1998-29,WC-1998,M-236
M-1998-29,WC-1998,M-302
M-1998-30,WC-1998,M-284
M-1998-30,WC-1998,M-317
M-1998-31,WC-1998,M-100
M-1998-31,WC-1998,M-138
M-1998-31,WC-1998,M-299
M-1998-32,WC-1998,M-128
M-1998-32,WC-1998,M-123
M-1998-33,WC-1998,M-001
M-1998-33,WC-1998,M-162
M-1998-34,WC-1998,M-178
M-1998-34,WC-1998,M-256
M-1998-35,WC-1998,M-356
M-1998-35,WC-1998,M-224
M-1998-36,WC-1998,M-040
M-1998-36,WC-1998,M-196
M-1998-37,WC-1998,M-130
M-1998-37,WC-1998,M-134
M-1998-38,WC-1998,M-328
M-1998-38,WC-1998,M-007
M-1998-38,WC-1998,M-234
M-1998-39,WC-1998,M-201
M-1998-39,WC-1998,M-052
M-1998-40,WC-1998,M-060
M-1998-40,WC-1998,M-035
M-1998-41,WC-1998,M-164
M-1998-41,WC-1998,M-055
M-1998-42,WC-1998,M-120
M-1998-42,WC-1998,M-158
M-1998-43,WC-1998,M-344
M-1998-43,WC-1998,M-317
M-1998-44,WC-1998,M-284
M-1998-44,WC-1998,M-289
M-1998-45,WC-1998,M-236
M-1998-45,WC-1998,M-032
M-1998-46,WC-1998,M-221
M-1998-46,WC-1998,M-302
M-1998-47,WC-1998,M-100
M-1998-47,WC-1998,M-123
M-1998-48,WC-1998,M-128
M-1998-48,WC-1998,M-138
M-1998-48,WC-1998,M-299
M-1998-49,WC-1998,M-178
M-1998-49,WC-1998,M-224
M-1998-50,WC-1998,M-356
M-1998-50,WC-1998,M-001
M-1998-51,WC-1998,M-130
M-1998-51,WC-1998,M-052
M-1998-52,WC-1998,M-201
M-1998-52,WC-1998,M-134
M-1998-53,WC-1998,M-344
M-1998-53,WC-1998,M-158
M-1998-54,WC-1998,M-120
M-1998-54,WC-1998,M-289
M-1998-55,WC-1998,M-128
M-1998-55,WC-1998,M-032
M-1998-56,WC-1998,M-236
M-1998-56,WC-1998,M-123
M-1998-57,WC-1998,M-178
M-1998-57,WC-1998,M-130
M-1998-58,WC-1998,M-356
M-1998-58,WC-1998,M-134
M-1998-59,WC-1998,M-120
M-1998-59,WC-1998,M-236
M-1998-60,WC-1998,M-344
M-1998-60,WC-1998,M-032
M-1998-61,WC-1998,M-356
M-1998-61,WC-1998,M-120
M-1998-62,WC-1998,M-130
M-1998-62,WC-1998,M-032
M-1998-63,WC-1998,M-120
M-1998-63,WC-1998,M-032
M-1998-64,WC-1998,M-356
M-1998-64,WC-1998,M-130
M-2002-01,WC-2002,M-165
M-2002-01,WC-2002,M-194
M-2002-02,WC-2002,M-186
M-2002-02,WC-2002,M-292
M-2002-03,WC-2002,M-257
M-2002-03,WC-2002,M-225
M-2002-04,WC-2002,M-345
M-2002-04,WC-2002,M-006
M-2002-05,WC-2002,M-029
M-2002-05,WC-2002,M-226
M-2002-06,WC-2002,M-178
M-2002-06,WC-2002,M-306
M-2002-07,WC-2002,M-083
M-2002-07,WC-2002,M-156
M-2002-07,WC-2002,M-304
M-2002-08,WC-2002,M-048
M-2002-08,WC-2002,M-139
M-2002-09,WC-2002,M-135
M-2002-09,WC-2002,M-004
M-2002-10,WC-2002,M-297
M-2002-10,WC-2002,M-108
M-2002-11,WC-2002,M-326
M-2002-11,WC-2002,M-100
M-2002-12,WC-2002,M-201
M-2002-12,WC-2002,M-107
M-2002-13,WC-2002,M-328
M-2002-13,WC-2002,M-350
M-2002-14,WC-2002,M-120
M-2002-14,WC-2002,M-081
M-2002-15,WC-2002,M-275
M-2002-15,WC-2002,M-307
M-2002-16,WC-2002,M-014
M-2002-16,WC-2002,M-223
M-2002-17,WC-2002,M-345
M-2002-17,WC-2002,M-186
M-2002-18,WC-2002,M-225
M-2002-18,WC-2002,M-194
M-2002-19,WC-2002,M-292
M-2002-19,WC-2002,M-006
M-2002-20,WC-2002,M-165
M-2002-20,WC-2002,M-257
M-2002-21,WC-2002,M-156
M-2002-21,WC-2002,M-304
M-2002-21,WC-2002,M-226
M-2002-22,WC-2002,M-048
M-2002-22,WC-2002,M-178
M-2002-23,WC-2002,M-029
M-2002-23,WC-2002,M-083
M-2002-24,WC-2002,M-306
M-2002-24,WC-2002,M-139
M-2002-25,WC-2002,M-326
M-2002-25,WC-2002,M-135
M-2002-26,WC-2002,M-297
M-2002-26,WC-2002,M-201
M-2002-27,WC-2002,M-004
M-2002-27,WC-2002,M-100
M-2002-28,WC-2002,M-107
M-2002-28,WC-2002,M-108
M-2002-29,WC-2002,M-328
M-2002-29,WC-2002,M-275
M-2002-30,WC-2002,M-120
M-2002-30,WC-2002,M-014
M-2002-31,WC-2002,M-307
M-2002-31,WC-2002,M-350
M-2002-32,WC-2002,M-223
M-2002-32,WC-2002,M-081
M-2002-33,WC-2002,M-225
M-2002-33,WC-2002,M-165
M-2002-34,WC-2002,M-194
M-2002-34,WC-2002,M-257
M-2002-35,WC-2002,M-292
M-2002-35,WC-2002,M-345
M-2002-36,WC-2002,M-006
M-2002-36,WC-2002,M-186
M-2002-37,WC-2002,M-226
M-2002-37,WC-2002,M-083
M-2002-38,WC-2002,M-156
M-2002-38,WC-2002,M-304
M-2002-38,WC-2002,M-029
M-2002-39,WC-2002,M-139
M-2002-39,WC-2002,M-178
M-2002-40,WC-2002,M-306
M-2002-40,WC-2002,M-048
M-2002-41,WC-2002,M-107
M-2002-41,WC-2002,M-297
M-2002-42,WC-2002,M-108
M-2002-42,WC-2002,M-201
M-2002-43,WC-2002,M-100
M-2002-43,WC-2002,M-135
M-2002-44,WC-2002,M-004
M-2002-44,WC-2002,M-326
M-2002-45,WC-2002,M-350
M-2002-45,WC-2002,M-275
M-2002-46,WC-2002,M-307
M-2002-46,WC-2002,M-328
M-2002-47,WC-2002,M-081
M-2002-47,WC-2002,M-014
M-2002-48,WC-2002,M-223
M-2002-48,WC-2002,M-120
M-2002-49,WC-2002,M-345
M-2002-49,WC-2002,M-178
M-2002-50,WC-2002,M-225
M-2002-50,WC-2002,M-083
M-2002-51,WC-2002,M-156
M-2002-51,WC-2002,M-304
M-2002-51,WC-2002,M-194
M-2002-52,WC-2002,M-048
M-2002-52,WC-2002,M-186
M-2002-53,WC-2002,M-004
M-2002-53,WC-2002,M-014
M-2002-54,WC-2002,M-297
M-2002-54,WC-2002,M-350
M-2002-55,WC-2002,M-328
M-2002-55,WC-2002,M-108
M-2002-56,WC-2002,M-120
M-2002-56,WC-2002,M-326
M-2002-57,WC-2002,M-083
M-2002-57,WC-2002,M-297
M-2002-58,WC-2002,M-345
M-2002-58,WC-2002,M-014
M-2002-59,WC-2002,M-048
M-2002-59,WC-2002,M-120
M-2002-60,WC-2002,M-194
M-2002-60,WC-2002,M-108
M-2002-61,WC-2002,M-345
M-2002-61,WC-2002,M-120
M-2002-62,WC-2002,M-297
M-2002-62,WC-2002,M-108
M-2002-63,WC-2002,M-120
M-2002-63,WC-2002,M-108
M-2002-64,WC-2002,M-345
M-2002-64,WC-2002,M-297
M-2006-01,WC-2006,M-148
M-2006-01,WC-2006,M-107
M-2006-02,WC-2006,M-131
M-2006-02,WC-2006,M-312
M-2006-03,WC-2006,M-083
M-2006-03,WC-2006,M-278
M-2006-04,WC-2006,M-025
M-2006-04,WC-2006,M-156
M-2006-05,WC-2006,M-238
M-2006-05,WC-2006,M-196
M-2006-06,WC-2006,M-240
M-2006-06,WC-2006,M-331
M-2006-07,WC-2006,M-155
M-2006-07,WC-2006,M-129
M-2006-08,WC-2006,M-101
M-2006-08,WC-2006,M-297
M-2006-09,WC-2006,M-120
M-2006-09,WC-2006,M-357
M-2006-10,WC-2006,M-014
M-2006-10,WC-2006,M-042
M-2006-11,WC-2006,M-166
M-2006-11,WC-2006,M-077
M-2006-12,WC-2006,M-003
M-2006-12,WC-2006,M-244
M-2006-13,WC-2006,M-076
M-2006-13,WC-2006,M-154
M-2006-14,WC-2006,M-234
M-2006-14,WC-2006,M-151
M-2006-15,WC-2006,M-013
M-2006-15,WC-2006,M-034
M-2006-16,WC-2006,M-165
M-2006-16,WC-2006,M-233
M-2006-17,WC-2006,M-148
M-2006-17,WC-2006,M-131
M-2006-18,WC-2006,M-312
M-2006-18,WC-2006,M-107
M-2006-19,WC-2006,M-083
M-2006-19,WC-2006,M-025
M-2006-20,WC-2006,M-156
M-2006-20,WC-2006,M-278
M-2006-21,WC-2006,M-238
M-2006-21,WC-2006,M-240
M-2006-22,WC-2006,M-331
M-2006-22,WC-2006,M-196
M-2006-23,WC-2006,M-155
M-2006-23,WC-2006,M-101
M-2006-24,WC-2006,M-297
M-2006-24,WC-2006,M-129
M-2006-25,WC-2006,M-042
M-2006-25,WC-2006,M-077
M-2006-26,WC-2006,M-166
M-2006-26,WC-2006,M-014
M-2006-27,WC-2006,M-357
M-2006-27,WC-2006,M-151
M-2006-28,WC-2006,M-234
M-2006-28,WC-2006,M-120
M-2006-29,WC-2006,M-076
M-2006-29,WC-2006,M-003
M-2006-30,WC-2006,M-244
M-2006-30,WC-2006,M-154
M-2006-31,WC-2006,M-233
M-2006-31,WC-2006,M-034
M-2006-32,WC-2006,M-013
M-2006-32,WC-2006,M-165
M-2006-33,WC-2006,M-107
M-2006-33,WC-2006,M-131
M-2006-34,WC-2006,M-312
M-2006-34,WC-2006,M-148
M-2006-35,WC-2006,M-278
M-2006-35,WC-2006,M-025
M-2006-36,WC-2006,M-156
M-2006-36,WC-2006,M-083
M-2006-37,WC-2006,M-129
M-2006-37,WC-2006,M-101
M-2006-38,WC-2006,M-297
M-2006-38,WC-2006,M-155
M-2006-39,WC-2006,M-196
M-2006-39,WC-2006,M-240
M-2006-40,WC-2006,M-331
M-2006-40,WC-2006,M-238
M-2006-41,WC-2006,M-042
M-2006-41,WC-2006,M-166
M-2006-42,WC-2006,M-077
M-2006-42,WC-2006,M-014
M-2006-43,WC-2006,M-151
M-2006-43,WC-2006,M-120
M-2006-44,WC-2006,M-357
M-2006-44,WC-2006,M-234
M-2006-45,WC-2006,M-233
M-2006-45,WC-2006,M-013
M-2006-46,WC-2006,M-034
M-2006-46,WC-2006,M-165
M-2006-47,WC-2006,M-154
M-2006-47,WC-2006,M-003
M-2006-48,WC-2006,M-244
M-2006-48,WC-2006,M-076
M-2006-49,WC-2006,M-148
M-2006-49,WC-2006,M-156
M-2006-50,WC-2006,M-238
M-2006-50,WC-2006,M-155
M-2006-51,WC-2006,M-083
M-2006-51,WC-2006,M-312
M-2006-52,WC-2006,M-297
M-2006-52,WC-2006,M-331
M-2006-53,WC-2006,M-166
M-2006-53,WC-2006,M-120
M-2006-54,WC-2006,M-154
M-2006-54,WC-2006,M-034
M-2006-55,WC-2006,M-234
M-2006-55,WC-2006,M-077
M-2006-56,WC-2006,M-013
M-2006-56,WC-2006,M-076
M-2006-57,WC-2006,M-148
M-2006-57,WC-2006,M-238
M-2006-58,WC-2006,M-166
M-2006-58,WC-2006,M-034
M-2006-59,WC-2006,M-083
M-2006-59,WC-2006,M-297
M-2006-60,WC-2006,M-234
M-2006-60,WC-2006,M-076
M-2006-61,WC-2006,M-148
M-2006-61,WC-2006,M-166
M-2006-62,WC-2006,M-297
M-2006-62,WC-2006,M-076
M-2006-63,WC-2006,M-148
M-2006-63,WC-2006,M-297
M-2006-64,WC-2006,M-166
M-2006-64,WC-2006,M-076
M-2010-01,WC-2010,M-234
M-2010-01,WC-2010,M-004
M-2010-02,WC-2010,M-316
M-2010-02,WC-2010,M-076
M-2010-03,WC-2010,M-127
M-2010-03,WC-2010,M-268
M-2010-04,WC-2010,M-179
M-2010-04,WC-2010,M-156
M-2010-05,WC-2010,M-050
M-2010-05,WC-2010,M-039
M-2010-06,WC-2010,M-279
M-2010-06,WC-2010,M-140
M-2010-07,WC-2010,M-011
M-2010-07,WC-2010,M-261
M-2010-08,WC-2010,M-174
M-2010-08,WC-2010,M-336
M-2010-09,WC-2010,M-334
M-2010-09,WC-2010,M-225
M-2010-10,WC-2010,M-221
M-2010-10,WC-2010,M-161
M-2010-11,WC-2010,M-166
M-2010-11,WC-2010,M-182
M-2010-12,WC-2010,M-115
M-2010-12,WC-2010,M-351
M-2010-13,WC-2010,M-083
M-2010-13,WC-2010,M-259
M-2010-14,WC-2010,M-078
M-2010-14,WC-2010,M-144
M-2010-15,WC-2010,M-277
M-2010-15,WC-2010,M-029
M-2010-16,WC-2010,M-070
M-2010-16,WC-2010,M-122
M-2010-17,WC-2010,M-234
M-2010-17,WC-2010,M-316
M-2010-18,WC-2010,M-179
M-2010-18,WC-2010,M-127
M-2010-19,WC-2010,M-268
M-2010-19,WC-2010,M-156
M-2010-20,WC-2010,M-076
M-2010-20,WC-2010,M-004
M-2010-21,WC-2010,M-174
M-2010-21,WC-2010,M-011
M-2010-22,WC-2010,M-140
M-2010-22,WC-2010,M-039
M-2010-23,WC-2010,M-050
M-2010-23,WC-2010,M-279
M-2010-24,WC-2010,M-334
M-2010-24,WC-2010,M-221
M-2010-25,WC-2010,M-261
M-2010-25,WC-2010,M-336
M-2010-26,WC-2010,M-161
M-2010-26,WC-2010,M-225
M-2010-27,WC-2010,M-351
M-2010-27,WC-2010,M-182
M-2010-28,WC-2010,M-166
M-2010-28,WC-2010,M-115
M-2010-29,WC-2010,M-078
M-2010-29,WC-2010,M-083
M-2010-30,WC-2010,M-259
M-2010-30,WC-2010,M-144
M-2010-31,WC-2010,M-029
M-2010-31,WC-2010,M-122
M-2010-32,WC-2010,M-070
M-2010-32,WC-2010,M-277
M-2010-33,WC-2010,M-076
M-2010-33,WC-2010,M-234
M-2010-34,WC-2010,M-004
M-2010-34,WC-2010,M-316
M-2010-35,WC-2010,M-268
M-2010-35,WC-2010,M-179
M-2010-36,WC-2010,M-156
M-2010-36,WC-2010,M-127
M-2010-37,WC-2010,M-140
M-2010-37,WC-2010,M-050
M-2010-38,WC-2010,M-039
M-2010-38,WC-2010,M-279
M-2010-39,WC-2010,M-336
M-2010-39,WC-2010,M-011
M-2010-40,WC-2010,M-261
M-2010-40,WC-2010,M-174
M-2010-41,WC-2010,M-182
M-2010-41,WC-2010,M-115
M-2010-42,WC-2010,M-351
M-2010-42,WC-2010,M-166
M-2010-43,WC-2010,M-161
M-2010-43,WC-2010,M-334
M-2010-44,WC-2010,M-225
M-2010-44,WC-2010,M-221
M-2010-45,WC-2010,M-144
M-2010-45,WC-2010,M-083
M-2010-46,WC-2010,M-259
M-2010-46,WC-2010,M-078
M-2010-47,WC-2010,M-029
M-2010-47,WC-2010,M-070
M-2010-48,WC-2010,M-122
M-2010-48,WC-2010,M-277
M-2010-49,WC-2010,M-316
M-2010-49,WC-2010,M-127
M-2010-50,WC-2010,M-039
M-2010-50,WC-2010,M-261
M-2010-51,WC-2010,M-174
M-2010-51,WC-2010,M-050
M-2010-52,WC-2010,M-179
M-2010-52,WC-2010,M-004
M-2010-53,WC-2010,M-334
M-2010-53,WC-2010,M-351
M-2010-54,WC-2010,M-078
M-2010-54,WC-2010,M-029
M-2010-55,WC-2010,M-182
M-2010-55,WC-2010,M-221
M-2010-56,WC-2010,M-070
M-2010-56,WC-2010,M-259
M-2010-57,WC-2010,M-334
M-2010-57,WC-2010,M-078
M-2010-58,WC-2010,M-316
M-2010-58,WC-2010,M-261
M-2010-59,WC-2010,M-179
M-2010-59,WC-2010,M-174
M-2010-60,WC-2010,M-182
M-2010-60,WC-2010,M-070
M-2010-61,WC-2010,M-316
M-2010-61,WC-2010,M-334
M-2010-62,WC-2010,M-174
M-2010-62,WC-2010,M-070
M-2010-63,WC-2010,M-316
M-2010-63,WC-2010,M-174
M-2010-64,WC-2010,M-334
M-2010-64,WC-2010,M-070
M-2014-01,WC-2014,M-297
M-2014-01,WC-2014,M-150
M-2014-02,WC-2014,M-117
M-2014-02,WC-2014,M-089
M-2014-03,WC-2014,M-070
M-2014-03,WC-2014,M-332
M-2014-04,WC-2014,M-283
M-2014-04,WC-2014,M-252
M-2014-05,WC-2014,M-238
M-2014-05,WC-2014,M-288
M-2014-06,WC-2014,M-316
M-2014-06,WC-2014,M-248
M-2014-07,WC-2014,M-124
M-2014-07,WC-2014,M-254
M-2014-08,WC-2014,M-157
M-2014-08,WC-2014,M-355
M-2014-09,WC-2014,M-122
M-2014-09,WC-2014,M-277
M-2014-10,WC-2014,M-072
M-2014-10,WC-2014,M-312
M-2014-11,WC-2014,M-280
M-2014-11,WC-2014,M-314
M-2014-12,WC-2014,M-174
M-2014-12,WC-2014,M-026
M-2014-13,WC-2014,M-259
M-2014-13,WC-2014,M-141
M-2014-14,WC-2014,M-012
M-2014-14,WC-2014,M-148
M-2014-15,WC-2014,M-353
M-2014-15,WC-2014,M-109
M-2014-16,WC-2014,M-297
M-2014-16,WC-2014,M-117
M-2014-17,WC-2014,M-050
M-2014-17,WC-2014,M-126
M-2014-18,WC-2014,M-252
M-2014-18,WC-2014,M-332
M-2014-19,WC-2014,M-070
M-2014-19,WC-2014,M-283
M-2014-20,WC-2014,M-089
M-2014-20,WC-2014,M-150
M-2014-21,WC-2014,M-238
M-2014-21,WC-2014,M-157
M-2014-22,WC-2014,M-316
M-2014-22,WC-2014,M-124
M-2014-23,WC-2014,M-355
M-2014-23,WC-2014,M-288
M-2014-24,WC-2014,M-254
M-2014-24,WC-2014,M-248
M-2014-25,WC-2014,M-122
M-2014-25,WC-2014,M-072
M-2014-26,WC-2014,M-312
M-2014-26,WC-2014,M-277
M-2014-27,WC-2014,M-280
M-2014-27,WC-2014,M-259
M-2014-28,WC-2014,M-174
M-2014-28,WC-2014,M-012
M-2014-29,WC-2014,M-141
M-2014-29,WC-2014,M-314
M-2014-30,WC-2014,M-353
M-2014-30,WC-2014,M-050
M-2014-31,WC-2014,M-126
M-2014-31,WC-2014,M-109
M-2014-32,WC-2014,M-148
M-2014-32,WC-2014,M-026
M-2014-33,WC-2014,M-252
M-2014-33,WC-2014,M-070
M-2014-34,WC-2014,M-332
M-2014-34,WC-2014,M-283
M-2014-35,WC-2014,M-089
M-2014-35,WC-2014,M-297
M-2014-36,WC-2014,M-150
M-2014-36,WC-2014,M-117
M-2014-37,WC-2014,M-248
M-2014-37,WC-2014,M-124
M-2014-38,WC-2014,M-254
M-2014-38,WC-2014,M-316
M-2014-39,WC-2014,M-355
M-2014-39,WC-2014,M-238
M-2014-40,WC-2014,M-288
M-2014-40,WC-2014,M-157
M-2014-41,WC-2014,M-314
M-2014-41,WC-2014,M-259
M-2014-42,WC-2014,M-141
M-2014-42,WC-2014,M-280
M-2014-43,WC-2014,M-312
M-2014-43,WC-2014,M-122
M-2014-44,WC-2014,M-277
M-2014-44,WC-2014,M-072
M-2014-45,WC-2014,M-026
M-2014-45,WC-2014,M-012
M-2014-46,WC-2014,M-148
M-2014-46,WC-2014,M-174
M-2014-47,WC-2014,M-109
M-2014-47,WC-2014,M-050
M-2014-48,WC-2014,M-126
M-2014-48,WC-2014,M-353
M-2014-49,WC-2014,M-297
M-2014-49,WC-2014,M-283
M-2014-50,WC-2014,M-238
M-2014-50,WC-2014,M-316
M-2014-51,WC-2014,M-332
M-2014-51,WC-2014,M-117
M-2014-52,WC-2014,M-248
M-2014-52,WC-2014,M-288
M-2014-53,WC-2014,M-072
M-2014-53,WC-2014,M-141
M-2014-54,WC-2014,M-174
M-2014-54,WC-2014,M-109
M-2014-55,WC-2014,M-280
M-2014-55,WC-2014,M-122
M-2014-56,WC-2014,M-353
M-2014-56,WC-2014,M-148
M-2014-57,WC-2014,M-072
M-2014-57,WC-2014,M-174
M-2014-58,WC-2014,M-297
M-2014-58,WC-2014,M-238
M-2014-59,WC-2014,M-280
M-2014-59,WC-2014,M-353
M-2014-60,WC-2014,M-332
M-2014-60,WC-2014,M-248
M-2014-61,WC-2014,M-297
M-2014-61,WC-2014,M-174
M-2014-62,WC-2014,M-332
M-2014-62,WC-2014,M-280
M-2014-63,WC-2014,M-297
M-2014-63,WC-2014,M-332
M-2014-64,WC-2014,M-174
M-2014-64,WC-2014,M-280
M-2018-01,WC-2018,M-057
M-2018-01,WC-2018,M-250
M-2018-02,WC-2018,M-064
M-2018-02,WC-2018,M-316
M-2018-03,WC-2018,M-269
M-2018-03,WC-2018,M-259
M-2018-04,WC-2018,M-288
M-2018-04,WC-2018,M-121
M-2018-05,WC-2018,M-072
M-2018-05,WC-2018,M-334
M-2018-06,WC-2018,M-283
M-2018-06,WC-2018,M-110
M-2018-07,WC-2018,M-094
M-2018-07,WC-2018,M-113
M-2018-08,WC-2018,M-066
M-2018-08,WC-2018,M-274
M-2018-09,WC-2018,M-262
M-2018-09,WC-2018,M-152
M-2018-10,WC-2018,M-174
M-2018-10,WC-2018,M-230
M-2018-11,WC-2018,M-323
M-2018-11,WC-2018,M-241
M-2018-12,WC-2018,M-009
M-2018-12,WC-2018,M-301
M-2018-13,WC-2018,M-181
M-2018-13,WC-2018,M-100
M-2018-14,WC-2018,M-176
M-2018-14,WC-2018,M-308
M-2018-15,WC-2018,M-238
M-2018-15,WC-2018,M-218
M-2018-16,WC-2018,M-214
M-2018-16,WC-2018,M-059
M-2018-17,WC-2018,M-057
M-2018-17,WC-2018,M-064
M-2018-18,WC-2018,M-288
M-2018-18,WC-2018,M-269
M-2018-19,WC-2018,M-316
M-2018-19,WC-2018,M-250
M-2018-20,WC-2018,M-259
M-2018-20,WC-2018,M-121
M-2018-21,WC-2018,M-113
M-2018-21,WC-2018,M-334
M-2018-22,WC-2018,M-072
M-2018-22,WC-2018,M-094
M-2018-23,WC-2018,M-283
M-2018-23,WC-2018,M-066
M-2018-24,WC-2018,M-323
M-2018-24,WC-2018,M-262
M-2018-25,WC-2018,M-274
M-2018-25,WC-2018,M-110
M-2018-26,WC-2018,M-152
M-2018-26,WC-2018,M-241
M-2018-27,WC-2018,M-181
M-2018-27,WC-2018,M-176
M-2018-28,WC-2018,M-301
M-2018-28,WC-2018,M-230
M-2018-29,WC-2018,M-174
M-2018-29,WC-2018,M-009
M-2018-30,WC-2018,M-308
M-2018-30,WC-2018,M-100
M-2018-31,WC-2018,M-218
M-2018-31,WC-2018,M-059
M-2018-32,WC-2018,M-214
M-2018-32,WC-2018,M-238
M-2018-33,WC-2018,M-250
M-2018-33,WC-2018,M-064
M-2018-34,WC-2018,M-316
M-2018-34,WC-2018,M-057
M-2018-35,WC-2018,M-121
M-2018-35,WC-2018,M-269
M-2018-36,WC-2018,M-259
M-2018-36,WC-2018,M-288
M-2018-37,WC-2018,M-334
M-2018-37,WC-2018,M-094
M-2018-38,WC-2018,M-113
M-2018-38,WC-2018,M-072
M-2018-39,WC-2018,M-110
M-2018-39,WC-2018,M-066
M-2018-40,WC-2018,M-274
M-2018-40,WC-2018,M-283
M-2018-41,WC-2018,M-301
M-2018-41,WC-2018,M-174
M-2018-42,WC-2018,M-230
M-2018-42,WC-2018,M-009
M-2018-43,WC-2018,M-152
M-2018-43,WC-2018,M-323
M-2018-44,WC-2018,M-241
M-2018-44,WC-2018,M-262
M-2018-45,WC-2018,M-218
M-2018-45,WC-2018,M-214
M-2018-46,WC-2018,M-059
M-2018-46,WC-2018,M-238
M-2018-47,WC-2018,M-308
M-2018-47,WC-2018,M-181
M-2018-48,WC-2018,M-100
M-2018-48,WC-2018,M-176
M-2018-49,WC-2018,M-072
M-2018-49,WC-2018,M-283
M-2018-50,WC-2018,M-316
M-2018-50,WC-2018,M-288
M-2018-51,WC-2018,M-121
M-2018-51,WC-2018,M-057
M-2018-52,WC-2018,M-066
M-2018-52,WC-2018,M-113
M-2018-53,WC-2018,M-323
M-2018-53,WC-2018,M-230
M-2018-54,WC-2018,M-181
M-2018-54,WC-2018,M-218
M-2018-55,WC-2018,M-009
M-2018-55,WC-2018,M-241
M-2018-56,WC-2018,M-238
M-2018-56,WC-2018,M-308
M-2018-57,WC-2018,M-316
M-2018-57,WC-2018,M-072
M-2018-58,WC-2018,M-323
M-2018-58,WC-2018,M-181
M-2018-59,WC-2018,M-009
M-2018-59,WC-2018,M-308
M-2018-60,WC-2018,M-057
M-2018-60,WC-2018,M-066
M-2018-61,WC-2018,M-072
M-2018-61,WC-2018,M-181
M-2018-62,WC-2018,M-066
M-2018-62,WC-2018,M-308
M-2018-63,WC-2018,M-181
M-2018-63,WC-2018,M-308
M-2018-64,WC-2018,M-072
M-2018-64,WC-2018,M-066