match_id,tournament_id,referee_id
M-1930-01,WC-1930,R-195
M-1930-02,WC-1930,R-204
M-1930-03,WC-1930,R-333
M-1930-04,WC-1930,R-365
M-1930-05,WC-1930,R-092
M-1930-06,WC-1930,R-070
M-1930-07,WC-1930,R-222
M-1930-08,WC-1930,R-204
M-1930-09,WC-1930,R-182
M-1930-10,WC-1930,R-333
M-1930-11,WC-1930,R-303
M-1930-12,WC-1930,R-031
M-1930-13,WC-1930,R-347
M-1930-14,WC-1930,R-092
M-1930-15,WC-1930,R-182
M-1930-16,WC-1930,R-182
M-1930-17,WC-1930,R-092
M-1930-18,WC-1930,R-182
M-1934-01,WC-1934,R-352
M-1934-02,WC-1934,R-182
M-1934-03,WC-1934,R-224
M-1934-04,WC-1934,R-033
M-1934-05,WC-1934,R-234
M-1934-06,WC-1934,R-043
M-1934-07,WC-1934,R-049
M-1934-08,WC-1934,R-108
M-1934-09,WC-1934,R-224
M-1934-10,WC-1934,R-041
M-1934-11,WC-1934,R-033
M-1934-12,WC-1934,R-026
M-1934-13,WC-1934,R-234
M-1934-14,WC-1934,R-033
M-1934-15,WC-1934,R-108
M-1934-16,WC-1934,R-064
M-1934-17,WC-1934,R-108
M-1938-01,WC-1938,R-182
M-1938-02,WC-1938,R-305
M-1938-03,WC-1938,R-376
M-1938-04,WC-1938,R-079
M-1938-05,WC-1938,R-041
M-1938-06,WC-1938,R-108
M-1938-07,WC-1938,R-186
M-1938-08,WC-1938,R-043
M-1938-09,WC-1938,R-108
M-1938-10,WC-1938,R-364
M-1938-11,WC-1938,R-033
M-1938-12,WC-1938,R-026
M-1938-13,WC-1938,R-173
M-1938-14,WC-1938,R-062
M-1938-15,WC-1938,R-186
M-1938-16,WC-1938,R-376
M-1938-17,WC-1938,R-182
M-1938-18,WC-1938,R-062
M-1950-01,WC-1950,R-283
M-1950-02,WC-1950,R-124
M-1950-03,WC-1950,R-349
M-1950-04,WC-1950,R-361
M-1950-05,WC-1950,R-202
M-1950-06,WC-1950,R-023
M-1950-07,WC-1950,R-185
M-1950-08,WC-1950,R-210
M-1950-09,WC-1950,R-090
M-1950-10,WC-1950,R-238
M-1950-11,WC-1950,R-139
M-1950-12,WC-1950,R-128
M-1950-13,WC-1950,R-124
M-1950-14,WC-1950,R-110
M-1950-15,WC-1950,R-283
M-1950-16,WC-1950,R-108
M-1950-17,WC-1950,R-110
M-1950-18,WC-1950,R-139
M-1950-19,WC-1950,R-185
M-1950-20,WC-1950,R-124
M-1950-21,WC-1950,R-349
M-1950-22,WC-1950,R-283
M-1954-01,WC-1954,R-377
M-1954-02,WC-1954,R-139
M-1954-03,WC-1954,R-120
M-1954-04,WC-1954,R-110
M-1954-05,WC-1954,R-361
M-1954-06,WC-1954,R-363
M-1954-07,WC-1954,R-084
M-1954-08,WC-1954,R-307
M-1954-09,WC-1954,R-252
M-1954-10,WC-1954,R-118
M-1954-11,WC-1954,R-326
M-1954-12,WC-1954,R-020
M-1954-13,WC-1954,R-192
M-1954-14,WC-1954,R-213
M-1954-15,WC-1954,R-327
M-1954-16,WC-1954,R-380
M-1954-17,WC-1954,R-363
M-1954-18,WC-1954,R-139
M-1954-19,WC-1954,R-118
M-1954-20,WC-1954,R-327
M-1954-21,WC-1954,R-110
M-1954-22,WC-1954,R-380
M-1954-23,WC-1954,R-139
M-1954-24,WC-1954,R-252
M-1954-25,WC-1954,R-377
M-1954-26,WC-1954,R-192
M-1958-01,WC-1958,R-189
M-1958-02,WC-1958,R-185
M-1958-03,WC-1958,R-311
M-1958-04,WC-1958,R-126
M-1958-05,WC-1958,R-377
M-1958-06,WC-1958,R-073
M-1958-07,WC-1958,R-143
M-1958-08,WC-1958,R-380
M-1958-09,WC-1958,R-006
M-1958-10,WC-1958,R-110
M-1958-11,WC-1958,R-252
M-1958-12,WC-1958,R-139
M-1958-13,WC-1958,R-187
M-1958-14,WC-1958,R-106
M-1958-15,WC-1958,R-159
M-1958-16,WC-1958,R-242
M-1958-17,WC-1958,R-353
M-1958-18,WC-1958,R-110
M-1958-19,WC-1958,R-061
M-1958-20,WC-1958,R-284
M-1958-21,WC-1958,R-206
M-1958-22,WC-1958,R-111
M-1958-23,WC-1958,R-143
M-1958-24,WC-1958,R-051
M-1958-25,WC-1958,R-143
M-1958-26,WC-1958,R-189
M-1958-27,WC-1958,R-106
M-1958-28,WC-1958,R-311
M-1958-29,WC-1958,R-126
M-1958-30,WC-1958,R-185
M-1958-31,WC-1958,R-377
M-1958-32,WC-1958,R-139
M-1958-33,WC-1958,R-380
M-1958-34,WC-1958,R-284
M-1958-35,WC-1958,R-143
M-1962-01,WC-1962,R-101
M-1962-02,WC-1962,R-022
M-1962-03,WC-1962,R-099
M-1962-04,WC-1962,R-126
M-1962-05,WC-1962,R-106
M-1962-06,WC-1962,R-091
M-1962-07,WC-1962,R-327
M-1962-08,WC-1962,R-151
M-1962-09,WC-1962,R-123
M-1962-10,WC-1962,R-022
M-1962-11,WC-1962,R-310
M-1962-12,WC-1962,R-189
M-1962-13,WC-1962,R-116
M-1962-14,WC-1962,R-151
M-1962-15,WC-1962,R-335
M-1962-16,WC-1962,R-126
M-1962-17,WC-1962,R-158
M-1962-18,WC-1962,R-091
M-1962-19,WC-1962,R-056
M-1962-20,WC-1962,R-378
M-1962-21,WC-1962,R-290
M-1962-22,WC-1962,R-189
M-1962-23,WC-1962,R-099
M-1962-24,WC-1962,R-045
M-1962-25,WC-1962,R-310
M-1962-26,WC-1962,R-151
M-1962-27,WC-1962,R-189
M-1962-28,WC-1962,R-378
M-1962-29,WC-1962,R-378
M-1962-30,WC-1962,R-099
M-1962-31,WC-1962,R-126
M-1962-32,WC-1962,R-189
M-1966-01,WC-1966,R-380
M-1966-02,WC-1966,R-265
M-1966-03,WC-1966,R-340
M-1966-04,WC-1966,R-126
M-1966-05,WC-1966,R-021
M-1966-06,WC-1966,R-298
M-1966-07,WC-1966,R-060
M-1966-08,WC-1966,R-099
M-1966-09,WC-1966,R-123
M-1966-10,WC-1966,R-028
M-1966-11,WC-1966,R-086
M-1966-12,WC-1966,R-162
M-1966-13,WC-1966,R-379
M-1966-14,WC-1966,R-073
M-1966-15,WC-1966,R-172
M-1966-16,WC-1966,R-194
M-1966-17,WC-1966,R-196
M-1966-18,WC-1966,R-061
M-1966-19,WC-1966,R-228
M-1966-20,WC-1966,R-310
M-1966-21,WC-1966,R-378
M-1966-22,WC-1966,R-214
M-1966-23,WC-1966,R-133
M-1966-24,WC-1966,R-002
M-1966-25,WC-1966,R-172
M-1966-26,WC-1966,R-021
M-1966-27,WC-1966,R-126
M-1966-28,WC-1966,R-119
M-1966-29,WC-1966,R-194
M-1966-30,WC-1966,R-310
M-1966-31,WC-1966,R-086
M-1966-32,WC-1966,R-099
M-1970-01,WC-1970,R-340
M-1970-02,WC-1970,R-091
M-1970-03,WC-1970,R-198
M-1970-04,WC-1970,R-304
M-1970-05,WC-1970,R-277
M-1970-06,WC-1970,R-332
M-1970-07,WC-1970,R-035
M-1970-08,WC-1970,R-354
M-1970-09,WC-1970,R-306
M-1970-10,WC-1970,R-132
M-1970-11,WC-1970,R-094
M-1970-12,WC-1970,R-028
M-1970-13,WC-1970,R-162
M-1970-14,WC-1970,R-331
M-1970-15,WC-1970,R-170
M-1970-16,WC-1970,R-254
M-1970-17,WC-1970,R-150
M-1970-18,WC-1970,R-180
M-1970-19,WC-1970,R-217
M-1970-20,WC-1970,R-005
M-1970-21,WC-1970,R-076
M-1970-22,WC-1970,R-362
M-1970-23,WC-1970,R-203
M-1970-24,WC-1970,R-286
M-1970-25,WC-1970,R-198
M-1970-26,WC-1970,R-306
M-1970-27,WC-1970,R-354
M-1970-28,WC-1970,R-076
M-1970-29,WC-1970,R-254
M-1970-30,WC-1970,R-378
M-1970-31,WC-1970,R-304
M-1970-32,WC-1970,R-132
M-1974-01,WC-1974,R-306
M-1974-02,WC-1974,R-024
M-1974-03,WC-1974,R-244
M-1974-04,WC-1974,R-309
M-1974-05,WC-1974,R-262
M-1974-06,WC-1974,R-258
M-1974-07,WC-1974,R-193
M-1974-08,WC-1974,R-336
M-1974-09,WC-1974,R-243
M-1974-10,WC-1974,R-015
M-1974-11,WC-1974,R-350
M-1974-12,WC-1974,R-095
M-1974-13,WC-1974,R-332
M-1974-14,WC-1974,R-371
M-1974-15,WC-1974,R-166
M-1974-16,WC-1974,R-329
M-1974-17,WC-1974,R-246
M-1974-18,WC-1974,R-137
M-1974-19,WC-1974,R-279
M-1974-20,WC-1974,R-035
M-1974-21,WC-1974,R-046
M-1974-22,WC-1974,R-191
M-1974-23,WC-1974,R-301
M-1974-24,WC-1974,R-368
M-1974-25,WC-1974,R-214
M-1974-26,WC-1974,R-336
M-1974-27,WC-1974,R-091
M-1974-28,WC-1974,R-035
M-1974-29,WC-1974,R-198
M-1974-30,WC-1974,R-306
M-1974-31,WC-1974,R-132
M-1974-32,WC-1974,R-166
M-1974-33,WC-1974,R-191
M-1974-34,WC-1974,R-332
M-1974-35,WC-1974,R-340
M-1974-36,WC-1974,R-263
M-1974-37,WC-1974,R-015
M-1974-38,WC-1974,R-332
M-1978-01,WC-1978,R-076
M-1978-02,WC-1978,R-279
M-1978-03,WC-1978,R-138
M-1978-04,WC-1978,R-129
M-1978-05,WC-1978,R-258
M-1978-06,WC-1978,R-336
M-1978-07,WC-1978,R-137
M-1978-08,WC-1978,R-113
M-1978-09,WC-1978,R-035
M-1978-10,WC-1978,R-219
M-1978-11,WC-1978,R-048
M-1978-12,WC-1978,R-104
M-1978-13,WC-1978,R-080
M-1978-14,WC-1978,R-134
M-1978-15,WC-1978,R-274
M-1978-16,WC-1978,R-244
M-1978-17,WC-1978,R-075
M-1978-18,WC-1978,R-246
M-1978-19,WC-1978,R-141
M-1978-20,WC-1978,R-170
M-1978-21,WC-1978,R-375
M-1978-22,WC-1978,R-044
M-1978-23,WC-1978,R-157
M-1978-24,WC-1978,R-191
M-1978-25,WC-1978,R-138
M-1978-26,WC-1978,R-209
M-1978-27,WC-1978,R-279
M-1978-28,WC-1978,R-113
M-1978-29,WC-1978,R-259
M-1978-30,WC-1978,R-288
M-1978-31,WC-1978,R-035
M-1978-32,WC-1978,R-258
M-1978-33,WC-1978,R-170
M-1978-34,WC-1978,R-219
M-1978-35,WC-1978,R-317
M-1978-36,WC-1978,R-375
M-1978-37,WC-1978,R-170
M-1978-38,WC-1978,R-134
M-1982-01,WC-1982,R-071
M-1982-02,WC-1982,R-356
M-1982-03,WC-1982,R-178
M-1982-04,WC-1982,R-372
M-1982-05,WC-1982,R-007
M-1982-06,WC-1982,R-322
M-1982-07,WC-1982,R-176
M-1982-08,WC-1982,R-129
M-1982-09,WC-1982,R-154
M-1982-10,WC-1982,R-063
M-1982-11,WC-1982,R-107
M-1982-12,WC-1982,R-121
M-1982-13,WC-1982,R-114
M-1982-14,WC-1982,R-177
M-1982-15,WC-1982,R-260
M-1982-16,WC-1982,R-269
M-1982-17,WC-1982,R-239
M-1982-18,WC-1982,R-012
M-1982-19,WC-1982,R-125
M-1982-20,WC-1982,R-080
M-1982-21,WC-1982,R-201
M-1982-22,WC-1982,R-046
M-1982-23,WC-1982,R-328
M-1982-24,WC-1982,R-069
M-1982-25,WC-1982,R-357
M-1982-26,WC-1982,R-369
M-1982-27,WC-1982,R-279
M-1982-28,WC-1982,R-102
M-1982-29,WC-1982,R-034
M-1982-30,WC-1982,R-223
M-1982-31,WC-1982,R-233
M-1982-32,WC-1982,R-065
M-1982-33,WC-1982,R-067
M-1982-34,WC-1982,R-346
M-1982-35,WC-1982,R-018
M-1982-36,WC-1982,R-253
M-1982-37,WC-1982,R-258
M-1982-38,WC-1982,R-260
M-1982-39,WC-1982,R-279
M-1982-40,WC-1982,R-075
M-1982-41,WC-1982,R-274
M-1982-42,WC-1982,R-356
M-1982-43,WC-1982,R-357
M-1982-44,WC-1982,R-065
M-1982-45,WC-1982,R-157
M-1982-46,WC-1982,R-346
M-1982-47,WC-1982,R-170
M-1982-48,WC-1982,R-269
M-1982-49,WC-1982,R-063
M-1982-50,WC-1982,R-080
M-1982-51,WC-1982,R-129
M-1982-52,WC-1982,R-075
M-1986-01,WC-1986,R-121
M-1986-02,WC-1986,R-032
M-1986-03,WC-1986,R-315
M-1986-04,WC-1986,R-300
M-1986-05,WC-1986,R-003
M-1986-06,WC-1986,R-220
M-1986-07,WC-1986,R-115
M-1986-08,WC-1986,R-057
M-1986-09,WC-1986,R-295
M-1986-10,WC-1986,R-266
M-1986-11,WC-1986,R-071
M-1986-12,WC-1986,R-247
M-1986-13,WC-1986,R-167
M-1986-14,WC-1986,R-019
M-1986-15,WC-1986,R-010
M-1986-16,WC-1986,R-011
M-1986-17,WC-1986,R-233
M-1986-18,WC-1986,R-136
M-1986-19,WC-1986,R-082
M-1986-20,WC-1986,R-052
M-1986-21,WC-1986,R-042
M-1986-22,WC-1986,R-096
M-1986-23,WC-1986,R-152
M-1986-24,WC-1986,R-215
M-1986-25,WC-1986,R-316
M-1986-26,WC-1986,R-339
M-1986-27,WC-1986,R-342
M-1986-28,WC-1986,R-322
M-1986-29,WC-1986,R-264
M-1986-30,WC-1986,R-102
M-1986-31,WC-1986,R-087
M-1986-32,WC-1986,R-321
M-1986-33,WC-1986,R-330
M-1986-34,WC-1986,R-169
M-1986-35,WC-1986,R-269
M-1986-36,WC-1986,R-276
M-1986-37,WC-1986,R-019
M-1986-38,WC-1986,R-121
M-1986-39,WC-1986,R-295
M-1986-40,WC-1986,R-003
M-1986-41,WC-1986,R-115
M-1986-42,WC-1986,R-264
M-1986-43,WC-1986,R-011
M-1986-44,WC-1986,R-167
M-1986-45,WC-1986,R-152
M-1986-46,WC-1986,R-096
M-1986-47,WC-1986,R-042
M-1986-48,WC-1986,R-169
M-1986-49,WC-1986,R-003
M-1986-50,WC-1986,R-215
M-1986-51,WC-1986,R-082
M-1986-52,WC-1986,R-019
M-1990-01,WC-1990,R-356
M-1990-02,WC-1990,R-063
M-1990-03,WC-1990,R-082
M-1990-04,WC-1990,R-374
M-1990-05,WC-1990,R-296
M-1990-06,WC-1990,R-181
M-1990-07,WC-1990,R-237
M-1990-08,WC-1990,R-199
M-1990-09,WC-1990,R-308
M-1990-10,WC-1990,R-226
M-1990-11,WC-1990,R-323
M-1990-12,WC-1990,R-171
M-1990-13,WC-1990,R-121
M-1990-14,WC-1990,R-315
M-1990-15,WC-1990,R-003
M-1990-16,WC-1990,R-072
M-1990-17,WC-1990,R-320
M-1990-18,WC-1990,R-324
M-1990-19,WC-1990,R-160
M-1990-20,WC-1990,R-205
M-1990-21,WC-1990,R-264
M-1990-22,WC-1990,R-351
M-1990-23,WC-1990,R-169
M-1990-24,WC-1990,R-156
M-1990-25,WC-1990,R-316
M-1990-26,WC-1990,R-374
M-1990-27,WC-1990,R-321
M-1990-28,WC-1990,R-330
M-1990-29,WC-1990,R-011
M-1990-30,WC-1990,R-276
M-1990-31,WC-1990,R-171
M-1990-32,WC-1990,R-264
M-1990-33,WC-1990,R-199
M-1990-34,WC-1990,R-181
M-1990-35,WC-1990,R-296
M-1990-36,WC-1990,R-356
M-1990-37,WC-1990,R-181
M-1990-38,WC-1990,R-169
M-1990-39,WC-1990,R-276
M-1990-40,WC-1990,R-199
M-1990-41,WC-1990,R-374
M-1990-42,WC-1990,R-082
M-1990-43,WC-1990,R-308
M-1990-44,WC-1990,R-237
M-1990-45,WC-1990,R-296
M-1990-46,WC-1990,R-316
M-1990-47,WC-1990,R-171
M-1990-48,WC-1990,R-072
M-1990-49,WC-1990,R-356
M-1990-50,WC-1990,R-374
M-1990-51,WC-1990,R-276
M-1990-52,WC-1990,R-072
M-1994-01,WC-1994,R-050
M-1994-02,WC-1994,R-237
M-1994-03,WC-1994,R-179
M-1994-04,WC-1994,R-348
M-1994-05,WC-1994,R-011
M-1994-06,WC-1994,R-338
M-1994-07,WC-1994,R-275
M-1994-08,WC-1994,R-334
M-1994-09,WC-1994,R-190
M-1994-10,WC-1994,R-097
M-1994-11,WC-1994,R-014
M-1994-12,WC-1994,R-068
M-1994-13,WC-1994,R-025
M-1994-14,WC-1994,R-160
M-1994-15,WC-1994,R-029
M-1994-16,WC-1994,R-174
M-1994-17,WC-1994,R-241
M-1994-18,WC-1994,R-296
M-1994-19,WC-1994,R-050
M-1994-20,WC-1994,R-276
M-1994-21,WC-1994,R-218
M-1994-22,WC-1994,R-100
M-1994-23,WC-1994,R-164
M-1994-24,WC-1994,R-054
M-1994-25,WC-1994,R-237
M-1994-26,WC-1994,R-348
M-1994-27,WC-1994,R-025
M-1994-28,WC-1994,R-276
M-1994-29,WC-1994,R-179
M-1994-30,WC-1994,R-338
M-1994-31,WC-1994,R-011
M-1994-32,WC-1994,R-275
M-1994-33,WC-1994,R-174
M-1994-34,WC-1994,R-334
M-1994-35,WC-1994,R-160
M-1994-36,WC-1994,R-241
M-1994-37,WC-1994,R-296
M-1994-38,WC-1994,R-348
M-1994-39,WC-1994,R-218
M-1994-40,WC-1994,R-257
M-1994-41,WC-1994,R-237
M-1994-42,WC-1994,R-276
M-1994-43,WC-1994,R-050
M-1994-44,WC-1994,R-011
M-1994-45,WC-1994,R-275
M-1994-46,WC-1994,R-025
M-1994-47,WC-1994,R-338
M-1994-48,WC-1994,R-100
M-1994-49,WC-1994,R-276
M-1994-50,WC-1994,R-338
M-1994-51,WC-1994,R-054
M-1994-52,WC-1994,R-275
M-1998-01,WC-1998,R-127
M-1998-02,WC-1998,R-343
M-1998-03,WC-1998,R-047
M-1998-04,WC-1998,R-135
M-1998-05,WC-1998,R-278
M-1998-06,WC-1998,R-066
M-1998-07,WC-1998,R-285
M-1998-08,WC-1998,R-027
M-1998-09,WC-1998,R-039
M-1998-10,WC-1998,R-077
M-1998-11,WC-1998,R-348
M-1998-12,WC-1998,R-334
M-1998-13,WC-1998,R-232
M-1998-14,WC-1998,R-251
M-1998-15,WC-1998,R-190
M-1998-16,WC-1998,R-038
M-1998-17,WC-1998,R-345
M-1998-18,WC-1998,R-189
M-1998-19,WC-1998,R-009
M-1998-20,WC-1998,R-188
M-1998-21,WC-1998,R-337
M-1998-22,WC-1998,R-050
M-1998-23,WC-1998,R-302
M-1998-24,WC-1998,R-229
M-1998-25,WC-1998,R-280
M-1998-26,WC-1998,R-088
M-1998-27,WC-1998,R-373
M-1998-28,WC-1998,R-248
M-1998-29,WC-1998,R-261
M-1998-30,WC-1998,R-231
M-1998-31,WC-1998,R-149
M-1998-32,WC-1998,R-037
M-1998-33,WC-1998,R-345
M-1998-34,WC-1998,R-105
M-1998-35,WC-1998,R-027
M-1998-36,WC-1998,R-054
M-1998-37,WC-1998,R-077
M-1998-38,WC-1998,R-302
M-1998-39,WC-1998,R-343
M-1998-40,WC-1998,R-348
M-1998-41,WC-1998,R-285
M-1998-42,WC-1998,R-278
M-1998-43,WC-1998,R-135
M-1998-44,WC-1998,R-009
M-1998-45,WC-1998,R-038
M-1998-46,WC-1998,R-039
M-1998-47,WC-1998,R-050
M-1998-48,WC-1998,R-188
M-1998-49,WC-1998,R-149
M-1998-50,WC-1998,R-037
M-1998-51,WC-1998,R-054
M-1998-52,WC-1998,R-231
M-1998-53,WC-1998,R-232
M-1998-54,WC-1998,R-127
M-1998-55,WC-1998,R-066
M-1998-56,WC-1998,R-248
M-1998-57,WC-1998,R-088
M-1998-58,WC-1998,R-009
M-1998-59,WC-1998,R-050
M-1998-60,WC-1998,R-261
M-1998-61,WC-1998,R-054
M-1998-62,WC-1998,R-127
M-1998-63,WC-1998,R-135
M-1998-64,WC-1998,R-038
M-2002-01,WC-2002,R-054
M-2002-02,WC-2002,R-161
M-2002-03,WC-2002,R-211
M-2002-04,WC-2002,R-016
M-2002-05,WC-2002,R-358
M-2002-06,WC-2002,R-236
M-2002-07,WC-2002,R-318
M-2002-08,WC-2002,R-142
M-2002-09,WC-2002,R-200
M-2002-10,WC-2002,R-168
M-2002-11,WC-2002,R-145
M-2002-12,WC-2002,R-355
M-2002-13,WC-2002,R-225
M-2002-14,WC-2002,R-297
M-2002-15,WC-2002,R-272
M-2002-16,WC-2002,R-240
M-2002-17,WC-2002,R-248
M-2002-18,WC-2002,R-036
M-2002-19,WC-2002,R-147
M-2002-20,WC-2002,R-282
M-2002-21,WC-2002,R-255
M-2002-22,WC-2002,R-009
M-2002-23,WC-2002,R-077
M-2002-24,WC-2002,R-299
M-2002-25,WC-2002,R-268
M-2002-26,WC-2002,R-122
M-2002-27,WC-2002,R-085
M-2002-28,WC-2002,R-074
M-2002-29,WC-2002,R-235
M-2002-30,WC-2002,R-231
M-2002-31,WC-2002,R-312
M-2002-32,WC-2002,R-088
M-2002-33,WC-2002,R-232
M-2002-34,WC-2002,R-367
M-2002-35,WC-2002,R-197
M-2002-36,WC-2002,R-245
M-2002-37,WC-2002,R-145
M-2002-38,WC-2002,R-054
M-2002-39,WC-2002,R-282
M-2002-40,WC-2002,R-211
M-2002-41,WC-2002,R-009
M-2002-42,WC-2002,R-297
M-2002-43,WC-2002,R-225
M-2002-44,WC-2002,R-318
M-2002-45,WC-2002,R-248
M-2002-46,WC-2002,R-358
M-2002-47,WC-2002,R-200
M-2002-48,WC-2002,R-299
M-2002-49,WC-2002,R-036
M-2002-50,WC-2002,R-235
M-2002-51,WC-2002,R-016
M-2002-52,WC-2002,R-122
M-2002-53,WC-2002,R-232
M-2002-54,WC-2002,R-272
M-2002-55,WC-2002,R-077
M-2002-56,WC-2002,R-240
M-2002-57,WC-2002,R-282
M-2002-58,WC-2002,R-088
M-2002-59,WC-2002,R-009
M-2002-60,WC-2002,R-297
M-2002-61,WC-2002,R-231
M-2002-62,WC-2002,R-248
M-2002-63,WC-2002,R-211
M-2002-64,WC-2002,R-077
M-2006-01,WC-2006,R-109
M-2006-02,WC-2006,R-161
M-2006-03,WC-2006,R-292
M-2006-04,WC-2006,R-207
M-2006-05,WC-2006,R-093
M-2006-06,WC-2006,R-235
M-2006-07,WC-2006,R-294
M-2006-08,WC-2006,R-184
M-2006-09,WC-2006,R-001
M-2006-10,WC-2006,R-013
M-2006-11,WC-2006,R-318
M-2006-12,WC-2006,R-268
M-2006-13,WC-2006,R-155
M-2006-14,WC-2006,R-017
M-2006-15,WC-2006,R-055
M-2006-16,WC-2006,R-312
M-2006-17,WC-2006,R-230
M-2006-18,WC-2006,R-074
M-2006-19,WC-2006,R-161
M-2006-20,WC-2006,R-236
M-2006-21,WC-2006,R-294
M-2006-22,WC-2006,R-297
M-2006-23,WC-2006,R-207
M-2006-24,WC-2006,R-270
M-2006-25,WC-2006,R-109
M-2006-26,WC-2006,R-184
M-2006-27,WC-2006,R-093
M-2006-28,WC-2006,R-235
M-2006-29,WC-2006,R-017
M-2006-30,WC-2006,R-013
M-2006-31,WC-2006,R-268
M-2006-32,WC-2006,R-318
M-2006-33,WC-2006,R-207
M-2006-34,WC-2006,R-155
M-2006-35,WC-2006,R-294
M-2006-36,WC-2006,R-055
M-2006-37,WC-2006,R-312
M-2006-38,WC-2006,R-236
M-2006-39,WC-2006,R-292
M-2006-40,WC-2006,R-230
M-2006-41,WC-2006,R-017
M-2006-42,WC-2006,R-235
M-2006-43,WC-2006,R-268
M-2006-44,WC-2006,R-270
M-2006-45,WC-2006,R-074
M-2006-46,WC-2006,R-013
M-2006-47,WC-2006,R-109
M-2006-48,WC-2006,R-184
M-2006-49,WC-2006,R-318
M-2006-50,WC-2006,R-055
M-2006-51,WC-2006,R-093
M-2006-52,WC-2006,R-155
M-2006-53,WC-2006,R-230
M-2006-54,WC-2006,R-017
M-2006-55,WC-2006,R-236
M-2006-56,WC-2006,R-294
M-2006-57,WC-2006,R-236
M-2006-58,WC-2006,R-093
M-2006-59,WC-2006,R-109
M-2006-60,WC-2006,R-230
M-2006-61,WC-2006,R-017
M-2006-62,WC-2006,R-184
M-2006-63,WC-2006,R-161
M-2006-64,WC-2006,R-109
M-2010-01,WC-2010,R-153
M-2010-02,WC-2010,R-249
M-2010-03,WC-2010,R-148
M-2010-04,WC-2010,R-325
M-2010-05,WC-2010,R-318
M-2010-06,WC-2010,R-036
M-2010-07,WC-2010,R-030
M-2010-08,WC-2010,R-292
M-2010-09,WC-2010,R-183
M-2010-10,WC-2010,R-040
M-2010-11,WC-2010,R-017
M-2010-12,WC-2010,R-089
M-2010-13,WC-2010,R-184
M-2010-14,WC-2010,R-165
M-2010-15,WC-2010,R-208
M-2010-16,WC-2010,R-366
M-2010-17,WC-2010,R-055
M-2010-18,WC-2010,R-093
M-2010-19,WC-2010,R-297
M-2010-20,WC-2010,R-008
M-2010-21,WC-2010,R-344
M-2010-22,WC-2010,R-081
M-2010-23,WC-2010,R-153
M-2010-24,WC-2010,R-030
M-2010-25,WC-2010,R-294
M-2010-26,WC-2010,R-184
M-2010-27,WC-2010,R-208
M-2010-28,WC-2010,R-036
M-2010-29,WC-2010,R-183
M-2010-30,WC-2010,R-271
M-2010-31,WC-2010,R-008
M-2010-32,WC-2010,R-249
M-2010-33,WC-2010,R-297
M-2010-34,WC-2010,R-165
M-2010-35,WC-2010,R-153
M-2010-36,WC-2010,R-040
M-2010-37,WC-2010,R-325
M-2010-38,WC-2010,R-093
M-2010-39,WC-2010,R-184
M-2010-40,WC-2010,R-318
M-2010-41,WC-2010,R-249
M-2010-42,WC-2010,R-366
M-2010-43,WC-2010,R-271
M-2010-44,WC-2010,R-089
M-2010-45,WC-2010,R-344
M-2010-46,WC-2010,R-017
M-2010-47,WC-2010,R-292
M-2010-48,WC-2010,R-030
M-2010-49,WC-2010,R-325
M-2010-50,WC-2010,R-165
M-2010-51,WC-2010,R-184
M-2010-52,WC-2010,R-294
M-2010-53,WC-2010,R-344
M-2010-54,WC-2010,R-366
M-2010-55,WC-2010,R-093
M-2010-56,WC-2010,R-030
M-2010-57,WC-2010,R-249
M-2010-58,WC-2010,R-040
M-2010-59,WC-2010,R-153
M-2010-60,WC-2010,R-036
M-2010-61,WC-2010,R-153
M-2010-62,WC-2010,R-165
M-2010-63,WC-2010,R-017
M-2010-64,WC-2010,R-366
M-2014-01,WC-2014,R-249
M-2014-02,WC-2014,R-293
M-2014-03,WC-2014,R-289
M-2014-04,WC-2014,R-103
M-2014-05,WC-2014,R-131
M-2014-06,WC-2014,R-053
M-2014-07,WC-2014,R-175
M-2014-08,WC-2014,R-256
M-2014-09,WC-2014,R-153
M-2014-10,WC-2014,R-287
M-2014-11,WC-2014,R-004
M-2014-12,WC-2014,R-227
M-2014-13,WC-2014,R-360
M-2014-14,WC-2014,R-112
M-2014-15,WC-2014,R-292
M-2014-16,WC-2014,R-059
M-2014-17,WC-2014,R-267
M-2014-18,WC-2014,R-144
M-2014-19,WC-2014,R-131
M-2014-20,WC-2014,R-273
M-2014-21,WC-2014,R-366
M-2014-22,WC-2014,R-359
M-2014-23,WC-2014,R-004
M-2014-24,WC-2014,R-256
M-2014-25,WC-2014,R-175
M-2014-26,WC-2014,R-370
M-2014-27,WC-2014,R-227
M-2014-28,WC-2014,R-287
M-2014-29,WC-2014,R-250
M-2014-30,WC-2014,R-053
M-2014-31,WC-2014,R-293
M-2014-32,WC-2014,R-267
M-2014-33,WC-2014,R-313
M-2014-34,WC-2014,R-130
M-2014-35,WC-2014,R-112
M-2014-36,WC-2014,R-153
M-2014-37,WC-2014,R-144
M-2014-38,WC-2014,R-292
M-2014-39,WC-2014,R-273
M-2014-40,WC-2014,R-360
M-2014-41,WC-2014,R-359
M-2014-42,WC-2014,R-289
M-2014-43,WC-2014,R-267
M-2014-44,WC-2014,R-103
M-2014-45,WC-2014,R-313
M-2014-46,WC-2014,R-153
M-2014-47,WC-2014,R-059
M-2014-48,WC-2014,R-370
M-2014-49,WC-2014,R-366
M-2014-50,WC-2014,R-175
M-2014-51,WC-2014,R-273
M-2014-52,WC-2014,R-370
M-2014-53,WC-2014,R-131
M-2014-54,WC-2014,R-287
M-2014-55,WC-2014,R-112
M-2014-56,WC-2014,R-144
M-2014-57,WC-2014,R-267
M-2014-58,WC-2014,R-359
M-2014-59,WC-2014,R-289
M-2014-60,WC-2014,R-153
M-2014-61,WC-2014,R-292
M-2014-62,WC-2014,R-059
M-2014-63,WC-2014,R-144
M-2014-64,WC-2014,R-289
M-2018-01,WC-2018,R-267
M-2018-02,WC-2018,R-175
M-2018-03,WC-2018,R-059
M-2018-04,WC-2018,R-291
M-2018-05,WC-2018,R-083
M-2018-06,WC-2018,R-212
M-2018-07,WC-2018,R-130
M-2018-08,WC-2018,R-287
M-2018-09,WC-2018,R-098
M-2018-10,WC-2018,R-117
M-2018-11,WC-2018,R-281
M-2018-12,WC-2018,R-004
M-2018-13,WC-2018,R-314
M-2018-14,WC-2018,R-293
M-2018-15,WC-2018,R-319
M-2018-16,WC-2018,R-313
M-2018-17,WC-2018,R-058
M-2018-18,WC-2018,R-131
M-2018-19,WC-2018,R-341
M-2018-20,WC-2018,R-083
M-2018-21,WC-2018,R-221
M-2018-22,WC-2018,R-146
M-2018-23,WC-2018,R-153
M-2018-24,WC-2018,R-175
M-2018-25,WC-2018,R-078
M-2018-26,WC-2018,R-053
M-2018-27,WC-2018,R-216
M-2018-28,WC-2018,R-227
M-2018-29,WC-2018,R-212
M-2018-30,WC-2018,R-140
M-2018-31,WC-2018,R-291
M-2018-32,WC-2018,R-281
M-2018-33,WC-2018,R-293
M-2018-34,WC-2018,R-098
M-2018-35,WC-2018,R-153
M-2018-36,WC-2018,R-058
M-2018-37,WC-2018,R-163
M-2018-38,WC-2018,R-287
M-2018-39,WC-2018,R-221
M-2018-40,WC-2018,R-059
M-2018-41,WC-2018,R-131
M-2018-42,WC-2018,R-267
M-2018-43,WC-2018,R-117
M-2018-44,WC-2018,R-341
M-2018-45,WC-2018,R-314
M-2018-46,WC-2018,R-227
M-2018-47,WC-2018,R-319
M-2018-48,WC-2018,R-313
M-2018-49,WC-2018,R-117
M-2018-50,WC-2018,R-281
M-2018-51,WC-2018,R-175
M-2018-52,WC-2018,R-267
M-2018-53,WC-2018,R-291
M-2018-54,WC-2018,R-098
M-2018-55,WC-2018,R-319
M-2018-56,WC-2018,R-131
M-2018-57,WC-2018,R-267
M-2018-58,WC-2018,R-227
M-2018-59,WC-2018,R-175
M-2018-60,WC-2018,R-287
M-2018-61,WC-2018,R-083
M-2018-62,WC-2018,R-059
M-2018-63,WC-2018,R-117
M-2018-64,WC-2018,R-267