match_id,tournament_id,team_id,opponent_id
M-1930-01,WC-1930,T-28,T-44
M-1930-01,WC-1930,T-44,T-28
M-1930-02,WC-1930,T-79,T-06
M-1930-02,WC-1930,T-06,T-79
M-1930-03,WC-1930,T-83,T-09
M-1930-03,WC-1930,T-09,T-83
M-1930-04,WC-1930,T-58,T-54
M-1930-04,WC-1930,T-54,T-58
M-1930-05,WC-1930,T-03,T-28
M-1930-05,WC-1930,T-28,T-03
M-1930-06,WC-1930,T-13,T-44
M-1930-06,WC-1930,T-44,T-13
M-1930-07,WC-1930,T-83,T-07
M-1930-07,WC-1930,T-07,T-83
M-1930-08,WC-1930,T-79,T-53
M-1930-08,WC-1930,T-53,T-79
M-1930-09,WC-1930,T-80,T-54
M-1930-09,WC-1930,T-54,T-80
M-1930-10,WC-1930,T-13,T-28
M-1930-10,WC-1930,T-28,T-13
M-1930-11,WC-1930,T-03,T-44
M-1930-11,WC-1930,T-44,T-03
M-1930-12,WC-1930,T-09,T-07
M-1930-12,WC-1930,T-07,T-09
M-1930-13,WC-1930,T-53,T-06
M-1930-13,WC-1930,T-06,T-53
M-1930-14,WC-1930,T-80,T-58
M-1930-14,WC-1930,T-58,T-80
M-1930-15,WC-1930,T-03,T-13
M-1930-15,WC-1930,T-13,T-03
M-1930-16,WC-1930,T-03,T-79
M-1930-16,WC-1930,T-79,T-03
M-1930-17,WC-1930,T-80,T-83
M-1930-17,WC-1930,T-83,T-80
M-1930-18,WC-1930,T-80,T-03
M-1930-18,WC-1930,T-03,T-80
M-1934-01,WC-1934,T-05,T-28
M-1934-01,WC-1934,T-28,T-05
M-1934-02,WC-1934,T-20,T-58
M-1934-02,WC-1934,T-58,T-20
M-1934-03,WC-1934,T-29,T-06
M-1934-03,WC-1934,T-06,T-29
M-1934-04,WC-1934,T-34,T-25
M-1934-04,WC-1934,T-25,T-34
M-1934-05,WC-1934,T-39,T-79
M-1934-05,WC-1934,T-79,T-39
M-1934-06,WC-1934,T-70,T-09
M-1934-06,WC-1934,T-09,T-70
M-1934-07,WC-1934,T-71,T-03
M-1934-07,WC-1934,T-03,T-71
M-1934-08,WC-1934,T-72,T-46
M-1934-08,WC-1934,T-46,T-72
M-1934-09,WC-1934,T-05,T-34
M-1934-09,WC-1934,T-34,T-05
M-1934-10,WC-1934,T-20,T-72
M-1934-10,WC-1934,T-72,T-20
M-1934-11,WC-1934,T-29,T-71
M-1934-11,WC-1934,T-71,T-29
M-1934-12,WC-1934,T-39,T-70
M-1934-12,WC-1934,T-70,T-39
M-1934-13,WC-1934,T-39,T-70
M-1934-13,WC-1934,T-70,T-39
M-1934-14,WC-1934,T-20,T-29
M-1934-14,WC-1934,T-29,T-20
M-1934-15,WC-1934,T-39,T-05
M-1934-15,WC-1934,T-05,T-39
M-1934-16,WC-1934,T-29,T-05
M-1934-16,WC-1934,T-05,T-29
M-1934-17,WC-1934,T-39,T-20
M-1934-17,WC-1934,T-20,T-39
M-1938-01,WC-1938,T-72,T-29
M-1938-01,WC-1938,T-29,T-72
M-1938-02,WC-1938,T-18,T-58
M-1938-02,WC-1938,T-58,T-18
M-1938-03,WC-1938,T-28,T-06
M-1938-03,WC-1938,T-06,T-28
M-1938-04,WC-1938,T-34,T-22
M-1938-04,WC-1938,T-22,T-34
M-1938-05,WC-1938,T-39,T-51
M-1938-05,WC-1938,T-51,T-39
M-1938-06,WC-1938,T-09,T-55
M-1938-06,WC-1938,T-55,T-09
M-1938-07,WC-1938,T-20,T-46
M-1938-07,WC-1938,T-46,T-20
M-1938-08,WC-1938,T-18,T-58
M-1938-08,WC-1938,T-58,T-18
M-1938-09,WC-1938,T-72,T-29
M-1938-09,WC-1938,T-29,T-72
M-1938-10,WC-1938,T-09,T-20
M-1938-10,WC-1938,T-20,T-09
M-1938-11,WC-1938,T-34,T-72
M-1938-11,WC-1938,T-72,T-34
M-1938-12,WC-1938,T-39,T-28
M-1938-12,WC-1938,T-28,T-39
M-1938-13,WC-1938,T-71,T-18
M-1938-13,WC-1938,T-18,T-71
M-1938-14,WC-1938,T-09,T-20
M-1938-14,WC-1938,T-20,T-09
M-1938-15,WC-1938,T-34,T-71
M-1938-15,WC-1938,T-71,T-34
M-1938-16,WC-1938,T-39,T-09
M-1938-16,WC-1938,T-09,T-39
M-1938-17,WC-1938,T-09,T-71
M-1938-17,WC-1938,T-71,T-09
M-1938-18,WC-1938,T-39,T-34
M-1938-18,WC-1938,T-34,T-39
M-1950-01,WC-1950,T-09,T-44
M-1950-01,WC-1950,T-44,T-09
M-1950-02,WC-1950,T-83,T-72
M-1950-02,WC-1950,T-72,T-83
M-1950-03,WC-1950,T-27,T-13
M-1950-03,WC-1950,T-13,T-27
M-1950-04,WC-1950,T-70,T-79
M-1950-04,WC-1950,T-79,T-70
M-1950-05,WC-1950,T-71,T-39
M-1950-05,WC-1950,T-39,T-71
M-1950-06,WC-1950,T-09,T-72
M-1950-06,WC-1950,T-72,T-09
M-1950-07,WC-1950,T-83,T-44
M-1950-07,WC-1950,T-44,T-83
M-1950-08,WC-1950,T-70,T-13
M-1950-08,WC-1950,T-13,T-70
M-1950-09,WC-1950,T-79,T-27
M-1950-09,WC-1950,T-27,T-79
M-1950-10,WC-1950,T-71,T-53
M-1950-10,WC-1950,T-53,T-71
M-1950-11,WC-1950,T-09,T-83
M-1950-11,WC-1950,T-83,T-09
M-1950-12,WC-1950,T-13,T-79
M-1950-12,WC-1950,T-79,T-13
M-1950-13,WC-1950,T-70,T-27
M-1950-13,WC-1950,T-27,T-70
M-1950-14,WC-1950,T-39,T-53
M-1950-14,WC-1950,T-53,T-39
M-1950-15,WC-1950,T-80,T-07
M-1950-15,WC-1950,T-07,T-80
M-1950-16,WC-1950,T-72,T-44
M-1950-16,WC-1950,T-44,T-72
M-1950-17,WC-1950,T-09,T-71
M-1950-17,WC-1950,T-71,T-09
M-1950-18,WC-1950,T-80,T-70
M-1950-18,WC-1950,T-70,T-80
M-1950-19,WC-1950,T-09,T-70
M-1950-19,WC-1950,T-70,T-09
M-1950-20,WC-1950,T-80,T-71
M-1950-20,WC-1950,T-71,T-80
M-1950-21,WC-1950,T-71,T-70
M-1950-21,WC-1950,T-70,T-71
M-1950-22,WC-1950,T-80,T-09
M-1950-22,WC-1950,T-09,T-80
M-1954-01,WC-1954,T-09,T-44
M-1954-01,WC-1954,T-44,T-09
M-1954-02,WC-1954,T-83,T-28
M-1954-02,WC-1954,T-28,T-83
M-1954-03,WC-1954,T-05,T-61
M-1954-03,WC-1954,T-61,T-05
M-1954-04,WC-1954,T-80,T-20
M-1954-04,WC-1954,T-20,T-80
M-1954-05,WC-1954,T-72,T-39
M-1954-05,WC-1954,T-39,T-72
M-1954-06,WC-1954,T-34,T-68
M-1954-06,WC-1954,T-68,T-34
M-1954-07,WC-1954,T-82,T-76
M-1954-07,WC-1954,T-76,T-82
M-1954-08,WC-1954,T-27,T-06
M-1954-08,WC-1954,T-06,T-27
M-1954-09,WC-1954,T-80,T-61
M-1954-09,WC-1954,T-61,T-80
M-1954-10,WC-1954,T-09,T-83
M-1954-10,WC-1954,T-83,T-09
M-1954-11,WC-1954,T-05,T-20
M-1954-11,WC-1954,T-20,T-05
M-1954-12,WC-1954,T-28,T-44
M-1954-12,WC-1954,T-44,T-28
M-1954-13,WC-1954,T-34,T-82
M-1954-13,WC-1954,T-82,T-34
M-1954-14,WC-1954,T-76,T-68
M-1954-14,WC-1954,T-68,T-76
M-1954-15,WC-1954,T-39,T-06
M-1954-15,WC-1954,T-06,T-39
M-1954-16,WC-1954,T-27,T-72
M-1954-16,WC-1954,T-72,T-27
M-1954-17,WC-1954,T-82,T-76
M-1954-17,WC-1954,T-76,T-82
M-1954-18,WC-1954,T-72,T-39
M-1954-18,WC-1954,T-39,T-72
M-1954-19,WC-1954,T-05,T-72
M-1954-19,WC-1954,T-72,T-05
M-1954-20,WC-1954,T-80,T-27
M-1954-20,WC-1954,T-27,T-80
M-1954-21,WC-1954,T-34,T-09
M-1954-21,WC-1954,T-09,T-34
M-1954-22,WC-1954,T-82,T-83
M-1954-22,WC-1954,T-83,T-82
M-1954-23,WC-1954,T-34,T-80
M-1954-23,WC-1954,T-80,T-34
M-1954-24,WC-1954,T-82,T-05
M-1954-24,WC-1954,T-05,T-82
M-1954-25,WC-1954,T-05,T-80
M-1954-25,WC-1954,T-80,T-05
M-1954-26,WC-1954,T-82,T-34
M-1954-26,WC-1954,T-34,T-82
M-1958-01,WC-1958,T-71,T-44
M-1958-01,WC-1958,T-44,T-71
M-1958-02,WC-1958,T-03,T-82
M-1958-02,WC-1958,T-82,T-03
M-1958-03,WC-1958,T-50,T-20
M-1958-03,WC-1958,T-20,T-50
M-1958-04,WC-1958,T-28,T-53
M-1958-04,WC-1958,T-53,T-28
M-1958-05,WC-1958,T-83,T-61
M-1958-05,WC-1958,T-61,T-83
M-1958-06,WC-1958,T-34,T-81
M-1958-06,WC-1958,T-81,T-34
M-1958-07,WC-1958,T-09,T-05
M-1958-07,WC-1958,T-05,T-09
M-1958-08,WC-1958,T-69,T-27
M-1958-08,WC-1958,T-27,T-69
M-1958-09,WC-1958,T-03,T-50
M-1958-09,WC-1958,T-50,T-03
M-1958-10,WC-1958,T-82,T-20
M-1958-10,WC-1958,T-20,T-82
M-1958-11,WC-1958,T-53,T-61
M-1958-11,WC-1958,T-61,T-53
M-1958-12,WC-1958,T-83,T-28
M-1958-12,WC-1958,T-28,T-83
M-1958-13,WC-1958,T-44,T-81
M-1958-13,WC-1958,T-81,T-44
M-1958-14,WC-1958,T-09,T-27
M-1958-14,WC-1958,T-27,T-09
M-1958-15,WC-1958,T-69,T-05
M-1958-15,WC-1958,T-05,T-69
M-1958-16,WC-1958,T-71,T-34
M-1958-16,WC-1958,T-34,T-71
M-1958-17,WC-1958,T-71,T-81
M-1958-17,WC-1958,T-81,T-71
M-1958-18,WC-1958,T-20,T-03
M-1958-18,WC-1958,T-03,T-20
M-1958-19,WC-1958,T-82,T-50
M-1958-19,WC-1958,T-50,T-82
M-1958-20,WC-1958,T-28,T-61
M-1958-20,WC-1958,T-61,T-28
M-1958-21,WC-1958,T-53,T-83
M-1958-21,WC-1958,T-83,T-53
M-1958-22,WC-1958,T-34,T-44
M-1958-22,WC-1958,T-44,T-34
M-1958-23,WC-1958,T-09,T-69
M-1958-23,WC-1958,T-69,T-09
M-1958-24,WC-1958,T-27,T-05
M-1958-24,WC-1958,T-05,T-27
M-1958-25,WC-1958,T-50,T-20
M-1958-25,WC-1958,T-20,T-50
M-1958-26,WC-1958,T-81,T-34
M-1958-26,WC-1958,T-34,T-81
M-1958-27,WC-1958,T-69,T-27
M-1958-27,WC-1958,T-27,T-69
M-1958-28,WC-1958,T-09,T-81
M-1958-28,WC-1958,T-81,T-09
M-1958-29,WC-1958,T-28,T-50
M-1958-29,WC-1958,T-50,T-28
M-1958-30,WC-1958,T-71,T-69
M-1958-30,WC-1958,T-69,T-71
M-1958-31,WC-1958,T-82,T-83
M-1958-31,WC-1958,T-83,T-82
M-1958-32,WC-1958,T-09,T-28
M-1958-32,WC-1958,T-28,T-09
M-1958-33,WC-1958,T-71,T-82
M-1958-33,WC-1958,T-82,T-71
M-1958-34,WC-1958,T-28,T-82
M-1958-34,WC-1958,T-82,T-28
M-1958-35,WC-1958,T-09,T-71
M-1958-35,WC-1958,T-71,T-09
M-1962-01,WC-1962,T-80,T-15
M-1962-01,WC-1962,T-15,T-80
M-1962-02,WC-1962,T-13,T-72
M-1962-02,WC-1962,T-72,T-13
M-1962-03,WC-1962,T-09,T-44
M-1962-03,WC-1962,T-44,T-09
M-1962-04,WC-1962,T-03,T-10
M-1962-04,WC-1962,T-10,T-03
M-1962-05,WC-1962,T-69,T-83
M-1962-05,WC-1962,T-83,T-69
M-1962-06,WC-1962,T-82,T-39
M-1962-06,WC-1962,T-39,T-82
M-1962-07,WC-1962,T-20,T-70
M-1962-07,WC-1962,T-70,T-20
M-1962-08,WC-1962,T-34,T-27
M-1962-08,WC-1962,T-27,T-34
M-1962-09,WC-1962,T-83,T-80
M-1962-09,WC-1962,T-80,T-83
M-1962-10,WC-1962,T-13,T-39
M-1962-10,WC-1962,T-39,T-13
M-1962-11,WC-1962,T-09,T-20
M-1962-11,WC-1962,T-20,T-09
M-1962-12,WC-1962,T-27,T-03
M-1962-12,WC-1962,T-03,T-27
M-1962-13,WC-1962,T-69,T-15
M-1962-13,WC-1962,T-15,T-69
M-1962-14,WC-1962,T-82,T-72
M-1962-14,WC-1962,T-72,T-82
M-1962-15,WC-1962,T-70,T-44
M-1962-15,WC-1962,T-44,T-70
M-1962-16,WC-1962,T-34,T-10
M-1962-16,WC-1962,T-10,T-34
M-1962-17,WC-1962,T-69,T-80
M-1962-17,WC-1962,T-80,T-69
M-1962-18,WC-1962,T-82,T-13
M-1962-18,WC-1962,T-13,T-82
M-1962-19,WC-1962,T-09,T-70
M-1962-19,WC-1962,T-70,T-09
M-1962-20,WC-1962,T-34,T-03
M-1962-20,WC-1962,T-03,T-34
M-1962-21,WC-1962,T-83,T-15
M-1962-21,WC-1962,T-15,T-83
M-1962-22,WC-1962,T-39,T-72
M-1962-22,WC-1962,T-72,T-39
M-1962-23,WC-1962,T-44,T-20
M-1962-23,WC-1962,T-20,T-44
M-1962-24,WC-1962,T-27,T-10
M-1962-24,WC-1962,T-10,T-27
M-1962-25,WC-1962,T-09,T-27
M-1962-25,WC-1962,T-27,T-09
M-1962-26,WC-1962,T-13,T-69
M-1962-26,WC-1962,T-69,T-13
M-1962-27,WC-1962,T-20,T-34
M-1962-27,WC-1962,T-34,T-20
M-1962-28,WC-1962,T-83,T-82
M-1962-28,WC-1962,T-82,T-83
M-1962-29,WC-1962,T-09,T-13
M-1962-29,WC-1962,T-13,T-09
M-1962-30,WC-1962,T-20,T-83
M-1962-30,WC-1962,T-83,T-20
M-1962-31,WC-1962,T-13,T-83
M-1962-31,WC-1962,T-83,T-13
M-1962-32,WC-1962,T-09,T-20
M-1962-32,WC-1962,T-20,T-09
M-1966-01,WC-1966,T-27,T-80
M-1966-01,WC-1966,T-80,T-27
M-1966-02,WC-1966,T-82,T-72
M-1966-02,WC-1966,T-72,T-82
M-1966-03,WC-1966,T-09,T-10
M-1966-03,WC-1966,T-10,T-09
M-1966-04,WC-1966,T-69,T-49
M-1966-04,WC-1966,T-49,T-69
M-1966-05,WC-1966,T-28,T-44
M-1966-05,WC-1966,T-44,T-28
M-1966-06,WC-1966,T-03,T-70
M-1966-06,WC-1966,T-70,T-03
M-1966-07,WC-1966,T-56,T-34
M-1966-07,WC-1966,T-34,T-56
M-1966-08,WC-1966,T-39,T-13
M-1966-08,WC-1966,T-13,T-39
M-1966-09,WC-1966,T-80,T-28
M-1966-09,WC-1966,T-28,T-80
M-1966-10,WC-1966,T-70,T-72
M-1966-10,WC-1966,T-72,T-70
M-1966-11,WC-1966,T-34,T-09
M-1966-11,WC-1966,T-09,T-34
M-1966-12,WC-1966,T-13,T-49
M-1966-12,WC-1966,T-49,T-13
M-1966-13,WC-1966,T-03,T-82
M-1966-13,WC-1966,T-82,T-03
M-1966-14,WC-1966,T-56,T-10
M-1966-14,WC-1966,T-10,T-56
M-1966-15,WC-1966,T-69,T-39
M-1966-15,WC-1966,T-39,T-69
M-1966-16,WC-1966,T-27,T-44
M-1966-16,WC-1966,T-44,T-27
M-1966-17,WC-1966,T-44,T-80
M-1966-17,WC-1966,T-80,T-44
M-1966-18,WC-1966,T-03,T-72
M-1966-18,WC-1966,T-72,T-03
M-1966-19,WC-1966,T-56,T-09
M-1966-19,WC-1966,T-09,T-56
M-1966-20,WC-1966,T-49,T-39
M-1966-20,WC-1966,T-39,T-49
M-1966-21,WC-1966,T-27,T-28
M-1966-21,WC-1966,T-28,T-27
M-1966-22,WC-1966,T-82,T-70
M-1966-22,WC-1966,T-70,T-82
M-1966-23,WC-1966,T-34,T-10
M-1966-23,WC-1966,T-10,T-34
M-1966-24,WC-1966,T-69,T-13
M-1966-24,WC-1966,T-13,T-69
M-1966-25,WC-1966,T-27,T-03
M-1966-25,WC-1966,T-03,T-27
M-1966-26,WC-1966,T-56,T-49
M-1966-26,WC-1966,T-49,T-56
M-1966-27,WC-1966,T-69,T-34
M-1966-27,WC-1966,T-34,T-69
M-1966-28,WC-1966,T-82,T-80
M-1966-28,WC-1966,T-80,T-82
M-1966-29,WC-1966,T-82,T-69
M-1966-29,WC-1966,T-69,T-82
M-1966-30,WC-1966,T-27,T-56
M-1966-30,WC-1966,T-56,T-27
M-1966-31,WC-1966,T-56,T-69
M-1966-31,WC-1966,T-69,T-56
M-1966-32,WC-1966,T-27,T-82
M-1966-32,WC-1966,T-82,T-27
M-1970-01,WC-1970,T-44,T-69
M-1970-01,WC-1970,T-69,T-44
M-1970-02,WC-1970,T-80,T-38
M-1970-02,WC-1970,T-38,T-80
M-1970-03,WC-1970,T-27,T-58
M-1970-03,WC-1970,T-58,T-27
M-1970-04,WC-1970,T-54,T-10
M-1970-04,WC-1970,T-10,T-54
M-1970-05,WC-1970,T-06,T-26
M-1970-05,WC-1970,T-26,T-06
M-1970-06,WC-1970,T-39,T-71
M-1970-06,WC-1970,T-71,T-39
M-1970-07,WC-1970,T-09,T-20
M-1970-07,WC-1970,T-20,T-09
M-1970-08,WC-1970,T-82,T-45
M-1970-08,WC-1970,T-45,T-82
M-1970-09,WC-1970,T-69,T-06
M-1970-09,WC-1970,T-06,T-69
M-1970-10,WC-1970,T-80,T-39
M-1970-10,WC-1970,T-39,T-80
M-1970-11,WC-1970,T-58,T-20
M-1970-11,WC-1970,T-20,T-58
M-1970-12,WC-1970,T-54,T-45
M-1970-12,WC-1970,T-45,T-54
M-1970-13,WC-1970,T-44,T-26
M-1970-13,WC-1970,T-26,T-44
M-1970-14,WC-1970,T-71,T-38
M-1970-14,WC-1970,T-38,T-71
M-1970-15,WC-1970,T-09,T-27
M-1970-15,WC-1970,T-27,T-09
M-1970-16,WC-1970,T-82,T-10
M-1970-16,WC-1970,T-10,T-82
M-1970-17,WC-1970,T-69,T-26
M-1970-17,WC-1970,T-26,T-69
M-1970-18,WC-1970,T-71,T-80
M-1970-18,WC-1970,T-80,T-71
M-1970-19,WC-1970,T-09,T-58
M-1970-19,WC-1970,T-58,T-09
M-1970-20,WC-1970,T-82,T-54
M-1970-20,WC-1970,T-54,T-82
M-1970-21,WC-1970,T-44,T-06
M-1970-21,WC-1970,T-06,T-44
M-1970-22,WC-1970,T-39,T-38
M-1970-22,WC-1970,T-38,T-39
M-1970-23,WC-1970,T-27,T-20
M-1970-23,WC-1970,T-20,T-27
M-1970-24,WC-1970,T-10,T-45
M-1970-24,WC-1970,T-45,T-10
M-1970-25,WC-1970,T-09,T-54
M-1970-25,WC-1970,T-54,T-09
M-1970-26,WC-1970,T-39,T-44
M-1970-26,WC-1970,T-44,T-39
M-1970-27,WC-1970,T-69,T-80
M-1970-27,WC-1970,T-80,T-69
M-1970-28,WC-1970,T-82,T-27
M-1970-28,WC-1970,T-27,T-82
M-1970-29,WC-1970,T-09,T-80
M-1970-29,WC-1970,T-80,T-09
M-1970-30,WC-1970,T-39,T-82
M-1970-30,WC-1970,T-82,T-39
M-1970-31,WC-1970,T-82,T-80
M-1970-31,WC-1970,T-80,T-82
M-1970-32,WC-1970,T-09,T-39
M-1970-32,WC-1970,T-39,T-09
M-1974-01,WC-1974,T-09,T-83
M-1974-01,WC-1974,T-83,T-09
M-1974-02,WC-1974,T-82,T-13
M-1974-02,WC-1974,T-13,T-82
M-1974-03,WC-1974,T-23,T-04
M-1974-03,WC-1974,T-04,T-23
M-1974-04,WC-1974,T-84,T-61
M-1974-04,WC-1974,T-61,T-84
M-1974-05,WC-1974,T-71,T-10
M-1974-05,WC-1974,T-10,T-71
M-1974-06,WC-1974,T-80,T-46
M-1974-06,WC-1974,T-46,T-80
M-1974-07,WC-1974,T-39,T-32
M-1974-07,WC-1974,T-32,T-39
M-1974-08,WC-1974,T-55,T-03
M-1974-08,WC-1974,T-03,T-55
M-1974-09,WC-1974,T-04,T-82
M-1974-09,WC-1974,T-82,T-04
M-1974-10,WC-1974,T-13,T-23
M-1974-10,WC-1974,T-23,T-13
M-1974-11,WC-1974,T-61,T-09
M-1974-11,WC-1974,T-09,T-61
M-1974-12,WC-1974,T-83,T-84
M-1974-12,WC-1974,T-84,T-83
M-1974-13,WC-1974,T-10,T-80
M-1974-13,WC-1974,T-80,T-10
M-1974-14,WC-1974,T-46,T-71
M-1974-14,WC-1974,T-71,T-46
M-1974-15,WC-1974,T-03,T-39
M-1974-15,WC-1974,T-39,T-03
M-1974-16,WC-1974,T-32,T-55
M-1974-16,WC-1974,T-55,T-32
M-1974-17,WC-1974,T-04,T-13
M-1974-17,WC-1974,T-13,T-04
M-1974-18,WC-1974,T-61,T-83
M-1974-18,WC-1974,T-83,T-61
M-1974-19,WC-1974,T-84,T-09
M-1974-19,WC-1974,T-09,T-84
M-1974-20,WC-1974,T-23,T-82
M-1974-20,WC-1974,T-82,T-23
M-1974-21,WC-1974,T-10,T-46
M-1974-21,WC-1974,T-46,T-10
M-1974-22,WC-1974,T-71,T-80
M-1974-22,WC-1974,T-80,T-71
M-1974-23,WC-1974,T-03,T-32
M-1974-23,WC-1974,T-32,T-03
M-1974-24,WC-1974,T-55,T-39
M-1974-24,WC-1974,T-39,T-55
M-1974-25,WC-1974,T-83,T-82
M-1974-25,WC-1974,T-82,T-83
M-1974-26,WC-1974,T-09,T-23
M-1974-26,WC-1974,T-23,T-09
M-1974-27,WC-1974,T-46,T-03
M-1974-27,WC-1974,T-03,T-46
M-1974-28,WC-1974,T-71,T-55
M-1974-28,WC-1974,T-55,T-71
M-1974-29,WC-1974,T-03,T-09
M-1974-29,WC-1974,T-09,T-03
M-1974-30,WC-1974,T-23,T-46
M-1974-30,WC-1974,T-46,T-23
M-1974-31,WC-1974,T-55,T-83
M-1974-31,WC-1974,T-83,T-55
M-1974-32,WC-1974,T-82,T-71
M-1974-32,WC-1974,T-71,T-82
M-1974-33,WC-1974,T-55,T-82
M-1974-33,WC-1974,T-82,T-55
M-1974-34,WC-1974,T-03,T-23
M-1974-34,WC-1974,T-23,T-03
M-1974-35,WC-1974,T-46,T-09
M-1974-35,WC-1974,T-09,T-46
M-1974-36,WC-1974,T-71,T-83
M-1974-36,WC-1974,T-83,T-71
M-1974-37,WC-1974,T-09,T-55
M-1974-37,WC-1974,T-55,T-09
M-1974-38,WC-1974,T-46,T-82
M-1974-38,WC-1974,T-82,T-46
M-1978-01,WC-1978,T-82,T-55
M-1978-01,WC-1978,T-55,T-82
M-1978-02,WC-1978,T-39,T-28
M-1978-02,WC-1978,T-28,T-39
M-1978-03,WC-1978,T-75,T-44
M-1978-03,WC-1978,T-44,T-75
M-1978-04,WC-1978,T-03,T-34
M-1978-04,WC-1978,T-34,T-03
M-1978-05,WC-1978,T-05,T-70
M-1978-05,WC-1978,T-70,T-05
M-1978-06,WC-1978,T-09,T-71
M-1978-06,WC-1978,T-71,T-09
M-1978-07,WC-1978,T-46,T-36
M-1978-07,WC-1978,T-36,T-46
M-1978-08,WC-1978,T-54,T-61
M-1978-08,WC-1978,T-61,T-54
M-1978-09,WC-1978,T-39,T-34
M-1978-09,WC-1978,T-34,T-39
M-1978-10,WC-1978,T-55,T-75
M-1978-10,WC-1978,T-75,T-55
M-1978-11,WC-1978,T-82,T-44
M-1978-11,WC-1978,T-44,T-82
M-1978-12,WC-1978,T-03,T-28
M-1978-12,WC-1978,T-28,T-03
M-1978-13,WC-1978,T-05,T-71
M-1978-13,WC-1978,T-71,T-05
M-1978-14,WC-1978,T-09,T-70
M-1978-14,WC-1978,T-70,T-09
M-1978-15,WC-1978,T-46,T-54
M-1978-15,WC-1978,T-54,T-46
M-1978-16,WC-1978,T-61,T-36
M-1978-16,WC-1978,T-36,T-61
M-1978-17,WC-1978,T-28,T-34
M-1978-17,WC-1978,T-34,T-28
M-1978-18,WC-1978,T-55,T-44
M-1978-18,WC-1978,T-44,T-55
M-1978-19,WC-1978,T-82,T-75
M-1978-19,WC-1978,T-75,T-82
M-1978-20,WC-1978,T-03,T-39
M-1978-20,WC-1978,T-39,T-03
M-1978-21,WC-1978,T-09,T-05
M-1978-21,WC-1978,T-05,T-09
M-1978-22,WC-1978,T-70,T-71
M-1978-22,WC-1978,T-71,T-70
M-1978-23,WC-1978,T-54,T-36
M-1978-23,WC-1978,T-36,T-54
M-1978-24,WC-1978,T-61,T-46
M-1978-24,WC-1978,T-46,T-61
M-1978-25,WC-1978,T-05,T-46
M-1978-25,WC-1978,T-46,T-05
M-1978-26,WC-1978,T-39,T-82
M-1978-26,WC-1978,T-82,T-39
M-1978-27,WC-1978,T-09,T-54
M-1978-27,WC-1978,T-54,T-09
M-1978-28,WC-1978,T-03,T-55
M-1978-28,WC-1978,T-55,T-03
M-1978-29,WC-1978,T-54,T-55
M-1978-29,WC-1978,T-55,T-54
M-1978-30,WC-1978,T-39,T-05
M-1978-30,WC-1978,T-05,T-39
M-1978-31,WC-1978,T-46,T-82
M-1978-31,WC-1978,T-82,T-46
M-1978-32,WC-1978,T-03,T-09
M-1978-32,WC-1978,T-09,T-03
M-1978-33,WC-1978,T-05,T-82
M-1978-33,WC-1978,T-82,T-05
M-1978-34,WC-1978,T-39,T-46
M-1978-34,WC-1978,T-46,T-39
M-1978-35,WC-1978,T-09,T-55
M-1978-35,WC-1978,T-55,T-09
M-1978-36,WC-1978,T-03,T-54
M-1978-36,WC-1978,T-54,T-03
M-1978-37,WC-1978,T-09,T-39
M-1978-37,WC-1978,T-39,T-09
M-1978-38,WC-1978,T-03,T-46
M-1978-38,WC-1978,T-46,T-03
M-1982-01,WC-1982,T-03,T-06
M-1982-01,WC-1982,T-06,T-03
M-1982-02,WC-1982,T-39,T-55
M-1982-02,WC-1982,T-55,T-39
M-1982-03,WC-1982,T-09,T-69
M-1982-03,WC-1982,T-69,T-09
M-1982-04,WC-1982,T-54,T-11
M-1982-04,WC-1982,T-11,T-54
M-1982-05,WC-1982,T-34,T-26
M-1982-05,WC-1982,T-26,T-34
M-1982-06,WC-1982,T-61,T-47
M-1982-06,WC-1982,T-47,T-61
M-1982-07,WC-1982,T-82,T-01
M-1982-07,WC-1982,T-01,T-82
M-1982-08,WC-1982,T-27,T-28
M-1982-08,WC-1982,T-28,T-27
M-1982-09,WC-1982,T-70,T-33
M-1982-09,WC-1982,T-33,T-70
M-1982-10,WC-1982,T-13,T-05
M-1982-10,WC-1982,T-05,T-13
M-1982-11,WC-1982,T-20,T-43
M-1982-11,WC-1982,T-43,T-20
M-1982-12,WC-1982,T-83,T-50
M-1982-12,WC-1982,T-50,T-83
M-1982-13,WC-1982,T-39,T-54
M-1982-13,WC-1982,T-54,T-39
M-1982-14,WC-1982,T-03,T-34
M-1982-14,WC-1982,T-34,T-03
M-1982-15,WC-1982,T-09,T-61
M-1982-15,WC-1982,T-61,T-09
M-1982-16,WC-1982,T-55,T-11
M-1982-16,WC-1982,T-11,T-55
M-1982-17,WC-1982,T-06,T-26
M-1982-17,WC-1982,T-26,T-06
M-1982-18,WC-1982,T-69,T-47
M-1982-18,WC-1982,T-47,T-69
M-1982-19,WC-1982,T-82,T-13
M-1982-19,WC-1982,T-13,T-82
M-1982-20,WC-1982,T-27,T-20
M-1982-20,WC-1982,T-20,T-27
M-1982-21,WC-1982,T-70,T-83
M-1982-21,WC-1982,T-83,T-70
M-1982-22,WC-1982,T-01,T-05
M-1982-22,WC-1982,T-05,T-01
M-1982-23,WC-1982,T-28,T-43
M-1982-23,WC-1982,T-43,T-28
M-1982-24,WC-1982,T-33,T-50
M-1982-24,WC-1982,T-50,T-33
M-1982-25,WC-1982,T-55,T-54
M-1982-25,WC-1982,T-54,T-55
M-1982-26,WC-1982,T-06,T-34
M-1982-26,WC-1982,T-34,T-06
M-1982-27,WC-1982,T-69,T-61
M-1982-27,WC-1982,T-61,T-69
M-1982-28,WC-1982,T-39,T-11
M-1982-28,WC-1982,T-11,T-39
M-1982-29,WC-1982,T-03,T-26
M-1982-29,WC-1982,T-26,T-03
M-1982-30,WC-1982,T-09,T-47
M-1982-30,WC-1982,T-47,T-09
M-1982-31,WC-1982,T-01,T-13
M-1982-31,WC-1982,T-13,T-01
M-1982-32,WC-1982,T-28,T-20
M-1982-32,WC-1982,T-20,T-28
M-1982-33,WC-1982,T-33,T-83
M-1982-33,WC-1982,T-83,T-33
M-1982-34,WC-1982,T-82,T-05
M-1982-34,WC-1982,T-05,T-82
M-1982-35,WC-1982,T-27,T-43
M-1982-35,WC-1982,T-43,T-27
M-1982-36,WC-1982,T-70,T-50
M-1982-36,WC-1982,T-50,T-70
M-1982-37,WC-1982,T-05,T-28
M-1982-37,WC-1982,T-28,T-05
M-1982-38,WC-1982,T-55,T-06
M-1982-38,WC-1982,T-06,T-55
M-1982-39,WC-1982,T-39,T-03
M-1982-39,WC-1982,T-03,T-39
M-1982-40,WC-1982,T-82,T-27
M-1982-40,WC-1982,T-27,T-82
M-1982-41,WC-1982,T-05,T-50
M-1982-41,WC-1982,T-50,T-05
M-1982-42,WC-1982,T-06,T-69
M-1982-42,WC-1982,T-69,T-06
M-1982-43,WC-1982,T-03,T-09
M-1982-43,WC-1982,T-09,T-03
M-1982-44,WC-1982,T-82,T-70
M-1982-44,WC-1982,T-70,T-82
M-1982-45,WC-1982,T-28,T-50
M-1982-45,WC-1982,T-50,T-28
M-1982-46,WC-1982,T-69,T-55
M-1982-46,WC-1982,T-55,T-69
M-1982-47,WC-1982,T-39,T-09
M-1982-47,WC-1982,T-09,T-39
M-1982-48,WC-1982,T-70,T-27
M-1982-48,WC-1982,T-27,T-70
M-1982-49,WC-1982,T-55,T-39
M-1982-49,WC-1982,T-39,T-55
M-1982-50,WC-1982,T-82,T-28
M-1982-50,WC-1982,T-28,T-82
M-1982-51,WC-1982,T-55,T-28
M-1982-51,WC-1982,T-28,T-55
M-1982-52,WC-1982,T-39,T-82
M-1982-52,WC-1982,T-82,T-39
M-1986-01,WC-1986,T-10,T-39
M-1986-01,WC-1986,T-39,T-10
M-1986-02,WC-1986,T-70,T-09
M-1986-02,WC-1986,T-09,T-70
M-1986-03,WC-1986,T-12,T-28
M-1986-03,WC-1986,T-28,T-12
M-1986-04,WC-1986,T-03,T-68
M-1986-04,WC-1986,T-68,T-03
M-1986-05,WC-1986,T-69,T-34
M-1986-05,WC-1986,T-34,T-69
M-1986-06,WC-1986,T-45,T-55
M-1986-06,WC-1986,T-55,T-45
M-1986-07,WC-1986,T-06,T-44
M-1986-07,WC-1986,T-44,T-06
M-1986-08,WC-1986,T-01,T-50
M-1986-08,WC-1986,T-50,T-01
M-1986-09,WC-1986,T-56,T-27
M-1986-09,WC-1986,T-27,T-56
M-1986-10,WC-1986,T-53,T-37
M-1986-10,WC-1986,T-37,T-53
M-1986-11,WC-1986,T-80,T-82
M-1986-11,WC-1986,T-82,T-80
M-1986-12,WC-1986,T-61,T-21
M-1986-12,WC-1986,T-21,T-61
M-1986-13,WC-1986,T-39,T-03
M-1986-13,WC-1986,T-03,T-39
M-1986-14,WC-1986,T-28,T-69
M-1986-14,WC-1986,T-69,T-28
M-1986-15,WC-1986,T-68,T-10
M-1986-15,WC-1986,T-10,T-68
M-1986-16,WC-1986,T-34,T-12
M-1986-16,WC-1986,T-12,T-34
M-1986-17,WC-1986,T-09,T-01
M-1986-17,WC-1986,T-01,T-09
M-1986-18,WC-1986,T-27,T-45
M-1986-18,WC-1986,T-45,T-27
M-1986-19,WC-1986,T-44,T-53
M-1986-19,WC-1986,T-53,T-44
M-1986-20,WC-1986,T-50,T-70
M-1986-20,WC-1986,T-70,T-50
M-1986-21,WC-1986,T-55,T-56
M-1986-21,WC-1986,T-56,T-55
M-1986-22,WC-1986,T-37,T-06
M-1986-22,WC-1986,T-06,T-37
M-1986-23,WC-1986,T-82,T-61
M-1986-23,WC-1986,T-61,T-82
M-1986-24,WC-1986,T-21,T-80
M-1986-24,WC-1986,T-80,T-21
M-1986-25,WC-1986,T-34,T-28
M-1986-25,WC-1986,T-28,T-34
M-1986-26,WC-1986,T-69,T-12
M-1986-26,WC-1986,T-12,T-69
M-1986-27,WC-1986,T-03,T-10
M-1986-27,WC-1986,T-10,T-03
M-1986-28,WC-1986,T-68,T-39
M-1986-28,WC-1986,T-39,T-68
M-1986-29,WC-1986,T-37,T-44
M-1986-29,WC-1986,T-44,T-37
M-1986-30,WC-1986,T-53,T-06
M-1986-30,WC-1986,T-06,T-53
M-1986-31,WC-1986,T-27,T-55
M-1986-31,WC-1986,T-55,T-27
M-1986-32,WC-1986,T-56,T-45
M-1986-32,WC-1986,T-45,T-56
M-1986-33,WC-1986,T-01,T-70
M-1986-33,WC-1986,T-70,T-01
M-1986-34,WC-1986,T-50,T-09
M-1986-34,WC-1986,T-09,T-50
M-1986-35,WC-1986,T-21,T-82
M-1986-35,WC-1986,T-82,T-21
M-1986-36,WC-1986,T-61,T-80
M-1986-36,WC-1986,T-80,T-61
M-1986-37,WC-1986,T-44,T-10
M-1986-37,WC-1986,T-10,T-44
M-1986-38,WC-1986,T-69,T-06
M-1986-38,WC-1986,T-06,T-69
M-1986-39,WC-1986,T-09,T-55
M-1986-39,WC-1986,T-55,T-09
M-1986-40,WC-1986,T-03,T-80
M-1986-40,WC-1986,T-80,T-03
M-1986-41,WC-1986,T-39,T-28
M-1986-41,WC-1986,T-28,T-39
M-1986-42,WC-1986,T-45,T-82
M-1986-42,WC-1986,T-82,T-45
M-1986-43,WC-1986,T-27,T-53
M-1986-43,WC-1986,T-53,T-27
M-1986-44,WC-1986,T-21,T-70
M-1986-44,WC-1986,T-70,T-21
M-1986-45,WC-1986,T-09,T-28
M-1986-45,WC-1986,T-28,T-09
M-1986-46,WC-1986,T-82,T-44
M-1986-46,WC-1986,T-44,T-82
M-1986-47,WC-1986,T-03,T-27
M-1986-47,WC-1986,T-27,T-03
M-1986-48,WC-1986,T-70,T-06
M-1986-48,WC-1986,T-06,T-70
M-1986-49,WC-1986,T-28,T-82
M-1986-49,WC-1986,T-82,T-28
M-1986-50,WC-1986,T-03,T-06
M-1986-50,WC-1986,T-06,T-03
M-1986-51,WC-1986,T-06,T-28
M-1986-51,WC-1986,T-28,T-06
M-1986-52,WC-1986,T-03,T-82
M-1986-52,WC-1986,T-82,T-03
M-1990-01,WC-1990,T-03,T-11
M-1990-01,WC-1990,T-11,T-03
M-1990-02,WC-1990,T-69,T-58
M-1990-02,WC-1990,T-58,T-69
M-1990-03,WC-1990,T-78,T-15
M-1990-03,WC-1990,T-15,T-78
M-1990-04,WC-1990,T-39,T-05
M-1990-04,WC-1990,T-05,T-39
M-1990-05,WC-1990,T-79,T-20
M-1990-05,WC-1990,T-20,T-79
M-1990-06,WC-1990,T-09,T-71
M-1990-06,WC-1990,T-71,T-09
M-1990-07,WC-1990,T-82,T-83
M-1990-07,WC-1990,T-83,T-82
M-1990-08,WC-1990,T-16,T-61
M-1990-08,WC-1990,T-61,T-16
M-1990-09,WC-1990,T-27,T-57
M-1990-09,WC-1990,T-57,T-27
M-1990-10,WC-1990,T-06,T-68
M-1990-10,WC-1990,T-68,T-06
M-1990-11,WC-1990,T-46,T-25
M-1990-11,WC-1990,T-25,T-46
M-1990-12,WC-1990,T-80,T-70
M-1990-12,WC-1990,T-70,T-80
M-1990-13,WC-1990,T-03,T-69
M-1990-13,WC-1990,T-69,T-03
M-1990-14,WC-1990,T-11,T-58
M-1990-14,WC-1990,T-58,T-11
M-1990-15,WC-1990,T-83,T-15
M-1990-15,WC-1990,T-15,T-83
M-1990-16,WC-1990,T-39,T-79
M-1990-16,WC-1990,T-79,T-39
M-1990-17,WC-1990,T-05,T-20
M-1990-17,WC-1990,T-20,T-05
M-1990-18,WC-1990,T-82,T-78
M-1990-18,WC-1990,T-78,T-82
M-1990-19,WC-1990,T-09,T-16
M-1990-19,WC-1990,T-16,T-09
M-1990-20,WC-1990,T-71,T-61
M-1990-20,WC-1990,T-61,T-71
M-1990-21,WC-1990,T-27,T-46
M-1990-21,WC-1990,T-46,T-27
M-1990-22,WC-1990,T-57,T-25
M-1990-22,WC-1990,T-25,T-57
M-1990-23,WC-1990,T-06,T-80
M-1990-23,WC-1990,T-80,T-06
M-1990-24,WC-1990,T-68,T-70
M-1990-24,WC-1990,T-70,T-68
M-1990-25,WC-1990,T-03,T-58
M-1990-25,WC-1990,T-58,T-03
M-1990-26,WC-1990,T-11,T-69
M-1990-26,WC-1990,T-69,T-11
M-1990-27,WC-1990,T-82,T-15
M-1990-27,WC-1990,T-15,T-82
M-1990-28,WC-1990,T-83,T-78
M-1990-28,WC-1990,T-78,T-83
M-1990-29,WC-1990,T-05,T-79
M-1990-29,WC-1990,T-79,T-05
M-1990-30,WC-1990,T-39,T-20
M-1990-30,WC-1990,T-20,T-39
M-1990-31,WC-1990,T-09,T-61
M-1990-31,WC-1990,T-61,T-09
M-1990-32,WC-1990,T-71,T-16
M-1990-32,WC-1990,T-16,T-71
M-1990-33,WC-1990,T-06,T-70
M-1990-33,WC-1990,T-70,T-06
M-1990-34,WC-1990,T-68,T-80
M-1990-34,WC-1990,T-80,T-68
M-1990-35,WC-1990,T-27,T-25
M-1990-35,WC-1990,T-25,T-27
M-1990-36,WC-1990,T-57,T-46
M-1990-36,WC-1990,T-46,T-57
M-1990-37,WC-1990,T-11,T-15
M-1990-37,WC-1990,T-15,T-11
M-1990-38,WC-1990,T-20,T-16
M-1990-38,WC-1990,T-16,T-20
M-1990-39,WC-1990,T-09,T-03
M-1990-39,WC-1990,T-03,T-09
M-1990-40,WC-1990,T-82,T-46
M-1990-40,WC-1990,T-46,T-82
M-1990-41,WC-1990,T-57,T-58
M-1990-41,WC-1990,T-58,T-57
M-1990-42,WC-1990,T-39,T-80
M-1990-42,WC-1990,T-80,T-39
M-1990-43,WC-1990,T-70,T-83
M-1990-43,WC-1990,T-83,T-70
M-1990-44,WC-1990,T-27,T-06
M-1990-44,WC-1990,T-06,T-27
M-1990-45,WC-1990,T-03,T-83
M-1990-45,WC-1990,T-83,T-03
M-1990-46,WC-1990,T-57,T-39
M-1990-46,WC-1990,T-39,T-57
M-1990-47,WC-1990,T-20,T-82
M-1990-47,WC-1990,T-82,T-20
M-1990-48,WC-1990,T-11,T-27
M-1990-48,WC-1990,T-27,T-11
M-1990-49,WC-1990,T-03,T-39
M-1990-49,WC-1990,T-39,T-03
M-1990-50,WC-1990,T-82,T-27
M-1990-50,WC-1990,T-27,T-82
M-1990-51,WC-1990,T-39,T-27
M-1990-51,WC-1990,T-27,T-39
M-1990-52,WC-1990,T-82,T-03
M-1990-52,WC-1990,T-03,T-82
M-1994-01,WC-1994,T-29,T-07
M-1994-01,WC-1994,T-07,T-29
M-1994-02,WC-1994,T-70,T-68
M-1994-02,WC-1994,T-68,T-70
M-1994-03,WC-1994,T-79,T-72
M-1994-03,WC-1994,T-72,T-79
M-1994-04,WC-1994,T-39,T-57
M-1994-04,WC-1994,T-57,T-39
M-1994-05,WC-1994,T-15,T-58
M-1994-05,WC-1994,T-58,T-15
M-1994-06,WC-1994,T-06,T-45
M-1994-06,WC-1994,T-45,T-06
M-1994-07,WC-1994,T-51,T-44
M-1994-07,WC-1994,T-44,T-51
M-1994-08,WC-1994,T-11,T-71
M-1994-08,WC-1994,T-71,T-11
M-1994-09,WC-1994,T-09,T-59
M-1994-09,WC-1994,T-59,T-09
M-1994-10,WC-1994,T-46,T-60
M-1994-10,WC-1994,T-60,T-46
M-1994-11,WC-1994,T-03,T-31
M-1994-11,WC-1994,T-31,T-03
M-1994-12,WC-1994,T-29,T-70
M-1994-12,WC-1994,T-70,T-29
M-1994-13,WC-1994,T-48,T-10
M-1994-13,WC-1994,T-10,T-48
M-1994-14,WC-1994,T-58,T-72
M-1994-14,WC-1994,T-72,T-58
M-1994-15,WC-1994,T-79,T-15
M-1994-15,WC-1994,T-15,T-79
M-1994-16,WC-1994,T-39,T-51
M-1994-16,WC-1994,T-51,T-39
M-1994-17,WC-1994,T-68,T-07
M-1994-17,WC-1994,T-07,T-68
M-1994-18,WC-1994,T-44,T-57
M-1994-18,WC-1994,T-57,T-44
M-1994-19,WC-1994,T-09,T-11
M-1994-19,WC-1994,T-11,T-09
M-1994-20,WC-1994,T-71,T-59
M-1994-20,WC-1994,T-59,T-71
M-1994-21,WC-1994,T-06,T-46
M-1994-21,WC-1994,T-46,T-06
M-1994-22,WC-1994,T-60,T-45
M-1994-22,WC-1994,T-45,T-60
M-1994-23,WC-1994,T-03,T-48
M-1994-23,WC-1994,T-48,T-03
M-1994-24,WC-1994,T-10,T-31
M-1994-24,WC-1994,T-31,T-10
M-1994-25,WC-1994,T-72,T-15
M-1994-25,WC-1994,T-15,T-72
M-1994-26,WC-1994,T-79,T-58
M-1994-26,WC-1994,T-58,T-79
M-1994-27,WC-1994,T-07,T-70
M-1994-27,WC-1994,T-70,T-07
M-1994-28,WC-1994,T-29,T-68
M-1994-28,WC-1994,T-68,T-29
M-1994-29,WC-1994,T-39,T-44
M-1994-29,WC-1994,T-44,T-39
M-1994-30,WC-1994,T-57,T-51
M-1994-30,WC-1994,T-51,T-57
M-1994-31,WC-1994,T-59,T-11
M-1994-31,WC-1994,T-11,T-59
M-1994-32,WC-1994,T-09,T-71
M-1994-32,WC-1994,T-71,T-09
M-1994-33,WC-1994,T-06,T-60
M-1994-33,WC-1994,T-60,T-06
M-1994-34,WC-1994,T-45,T-46
M-1994-34,WC-1994,T-46,T-45
M-1994-35,WC-1994,T-03,T-10
M-1994-35,WC-1994,T-10,T-03
M-1994-36,WC-1994,T-31,T-48
M-1994-36,WC-1994,T-48,T-31
M-1994-37,WC-1994,T-29,T-06
M-1994-37,WC-1994,T-06,T-29
M-1994-38,WC-1994,T-70,T-72
M-1994-38,WC-1994,T-72,T-70
M-1994-39,WC-1994,T-60,T-71
M-1994-39,WC-1994,T-71,T-60
M-1994-40,WC-1994,T-58,T-03
M-1994-40,WC-1994,T-03,T-58
M-1994-41,WC-1994,T-46,T-57
M-1994-41,WC-1994,T-57,T-46
M-1994-42,WC-1994,T-09,T-79
M-1994-42,WC-1994,T-79,T-09
M-1994-43,WC-1994,T-48,T-39
M-1994-43,WC-1994,T-39,T-48
M-1994-44,WC-1994,T-44,T-10
M-1994-44,WC-1994,T-10,T-44
M-1994-45,WC-1994,T-39,T-70
M-1994-45,WC-1994,T-70,T-39
M-1994-46,WC-1994,T-46,T-09
M-1994-46,WC-1994,T-09,T-46
M-1994-47,WC-1994,T-10,T-29
M-1994-47,WC-1994,T-29,T-10
M-1994-48,WC-1994,T-58,T-71
M-1994-48,WC-1994,T-71,T-58
M-1994-49,WC-1994,T-10,T-39
M-1994-49,WC-1994,T-39,T-10
M-1994-50,WC-1994,T-71,T-09
M-1994-50,WC-1994,T-09,T-71
M-1994-51,WC-1994,T-71,T-10
M-1994-51,WC-1994,T-10,T-71
M-1994-52,WC-1994,T-09,T-39
M-1994-52,WC-1994,T-39,T-09
M-1998-01,WC-1998,T-09,T-61
M-1998-01,WC-1998,T-61,T-09
M-1998-02,WC-1998,T-45,T-51
M-1998-02,WC-1998,T-51,T-45
M-1998-03,WC-1998,T-39,T-13
M-1998-03,WC-1998,T-13,T-39
M-1998-04,WC-1998,T-11,T-05
M-1998-04,WC-1998,T-05,T-11
M-1998-05,WC-1998,T-53,T-10
M-1998-05,WC-1998,T-10,T-53
M-1998-06,WC-1998,T-60,T-21
M-1998-06,WC-1998,T-21,T-60
M-1998-07,WC-1998,T-28,T-67
M-1998-07,WC-1998,T-67,T-28
M-1998-08,WC-1998,T-70,T-48
M-1998-08,WC-1998,T-48,T-70
M-1998-09,WC-1998,T-68,T-44
M-1998-09,WC-1998,T-44,T-68
M-1998-10,WC-1998,T-46,T-06
M-1998-10,WC-1998,T-06,T-46
M-1998-11,WC-1998,T-03,T-42
M-1998-11,WC-1998,T-42,T-03
M-1998-12,WC-1998,T-83,T-36
M-1998-12,WC-1998,T-36,T-83
M-1998-13,WC-1998,T-41,T-17
M-1998-13,WC-1998,T-17,T-41
M-1998-14,WC-1998,T-27,T-75
M-1998-14,WC-1998,T-75,T-27
M-1998-15,WC-1998,T-58,T-15
M-1998-15,WC-1998,T-15,T-58
M-1998-16,WC-1998,T-29,T-79
M-1998-16,WC-1998,T-79,T-29
M-1998-17,WC-1998,T-61,T-51
M-1998-17,WC-1998,T-51,T-61
M-1998-18,WC-1998,T-09,T-45
M-1998-18,WC-1998,T-45,T-09
M-1998-19,WC-1998,T-13,T-05
M-1998-19,WC-1998,T-05,T-13
M-1998-20,WC-1998,T-39,T-11
M-1998-20,WC-1998,T-11,T-39
M-1998-21,WC-1998,T-67,T-21
M-1998-21,WC-1998,T-21,T-67
M-1998-22,WC-1998,T-28,T-60
M-1998-22,WC-1998,T-60,T-28
M-1998-23,WC-1998,T-48,T-10
M-1998-23,WC-1998,T-10,T-48
M-1998-24,WC-1998,T-70,T-53
M-1998-24,WC-1998,T-53,T-70
M-1998-25,WC-1998,T-42,T-17
M-1998-25,WC-1998,T-17,T-42
M-1998-26,WC-1998,T-06,T-44
M-1998-26,WC-1998,T-44,T-06
M-1998-27,WC-1998,T-46,T-68
M-1998-27,WC-1998,T-68,T-46
M-1998-28,WC-1998,T-29,T-83
M-1998-28,WC-1998,T-83,T-29
M-1998-29,WC-1998,T-03,T-41
M-1998-29,WC-1998,T-41,T-03
M-1998-30,WC-1998,T-79,T-36
M-1998-30,WC-1998,T-36,T-79
M-1998-31,WC-1998,T-15,T-75
M-1998-31,WC-1998,T-75,T-15
M-1998-32,WC-1998,T-58,T-27
M-1998-32,WC-1998,T-27,T-58
M-1998-33,WC-1998,T-13,T-11
M-1998-33,WC-1998,T-11,T-13
M-1998-34,WC-1998,T-39,T-05
M-1998-34,WC-1998,T-05,T-39
M-1998-35,WC-1998,T-09,T-51
M-1998-35,WC-1998,T-51,T-09
M-1998-36,WC-1998,T-61,T-45
M-1998-36,WC-1998,T-45,T-61
M-1998-37,WC-1998,T-28,T-21
M-1998-37,WC-1998,T-21,T-28
M-1998-38,WC-1998,T-67,T-60
M-1998-38,WC-1998,T-60,T-67
M-1998-39,WC-1998,T-48,T-53
M-1998-39,WC-1998,T-53,T-48
M-1998-40,WC-1998,T-70,T-10
M-1998-40,WC-1998,T-10,T-70
M-1998-41,WC-1998,T-06,T-68
M-1998-41,WC-1998,T-68,T-06
M-1998-42,WC-1998,T-46,T-44
M-1998-42,WC-1998,T-44,T-46
M-1998-43,WC-1998,T-29,T-36
M-1998-43,WC-1998,T-36,T-29
M-1998-44,WC-1998,T-79,T-83
M-1998-44,WC-1998,T-83,T-79
M-1998-45,WC-1998,T-03,T-17
M-1998-45,WC-1998,T-17,T-03
M-1998-46,WC-1998,T-42,T-41
M-1998-46,WC-1998,T-41,T-42
M-1998-47,WC-1998,T-15,T-27
M-1998-47,WC-1998,T-27,T-15
M-1998-48,WC-1998,T-58,T-75
M-1998-48,WC-1998,T-75,T-58
M-1998-49,WC-1998,T-39,T-51
M-1998-49,WC-1998,T-51,T-39
M-1998-50,WC-1998,T-09,T-13
M-1998-50,WC-1998,T-13,T-09
M-1998-51,WC-1998,T-28,T-53
M-1998-51,WC-1998,T-53,T-28
M-1998-52,WC-1998,T-48,T-21
M-1998-52,WC-1998,T-21,T-48
M-1998-53,WC-1998,T-29,T-44
M-1998-53,WC-1998,T-44,T-29
M-1998-54,WC-1998,T-46,T-83
M-1998-54,WC-1998,T-83,T-46
M-1998-55,WC-1998,T-58,T-17
M-1998-55,WC-1998,T-17,T-58
M-1998-56,WC-1998,T-03,T-27
M-1998-56,WC-1998,T-27,T-03
M-1998-57,WC-1998,T-39,T-28
M-1998-57,WC-1998,T-28,T-39
M-1998-58,WC-1998,T-09,T-21
M-1998-58,WC-1998,T-21,T-09
M-1998-59,WC-1998,T-46,T-03
M-1998-59,WC-1998,T-03,T-46
M-1998-60,WC-1998,T-29,T-17
M-1998-60,WC-1998,T-17,T-29
M-1998-61,WC-1998,T-09,T-46
M-1998-61,WC-1998,T-46,T-09
M-1998-62,WC-1998,T-28,T-17
M-1998-62,WC-1998,T-17,T-28
M-1998-63,WC-1998,T-46,T-17
M-1998-63,WC-1998,T-17,T-46
M-1998-64,WC-1998,T-09,T-28
M-1998-64,WC-1998,T-28,T-09
M-2002-01,WC-2002,T-28,T-62
M-2002-01,WC-2002,T-62,T-28
M-2002-02,WC-2002,T-57,T-11
M-2002-02,WC-2002,T-11,T-57
M-2002-03,WC-2002,T-80,T-21
M-2002-03,WC-2002,T-21,T-80
M-2002-04,WC-2002,T-29,T-60
M-2002-04,WC-2002,T-60,T-29
M-2002-05,WC-2002,T-03,T-48
M-2002-05,WC-2002,T-48,T-03
M-2002-06,WC-2002,T-53,T-67
M-2002-06,WC-2002,T-67,T-53
M-2002-07,WC-2002,T-27,T-71
M-2002-07,WC-2002,T-71,T-27
M-2002-08,WC-2002,T-70,T-66
M-2002-08,WC-2002,T-66,T-70
M-2002-09,WC-2002,T-17,T-44
M-2002-09,WC-2002,T-44,T-17
M-2002-10,WC-2002,T-09,T-76
M-2002-10,WC-2002,T-76,T-09
M-2002-11,WC-2002,T-39,T-24
M-2002-11,WC-2002,T-24,T-39
M-2002-12,WC-2002,T-14,T-16
M-2002-12,WC-2002,T-16,T-14
M-2002-13,WC-2002,T-42,T-06
M-2002-13,WC-2002,T-06,T-42
M-2002-14,WC-2002,T-68,T-55
M-2002-14,WC-2002,T-55,T-68
M-2002-15,WC-2002,T-59,T-75
M-2002-15,WC-2002,T-75,T-59
M-2002-16,WC-2002,T-79,T-56
M-2002-16,WC-2002,T-56,T-79
M-2002-17,WC-2002,T-29,T-57
M-2002-17,WC-2002,T-57,T-29
M-2002-18,WC-2002,T-21,T-62
M-2002-18,WC-2002,T-62,T-21
M-2002-19,WC-2002,T-11,T-60
M-2002-19,WC-2002,T-60,T-11
M-2002-20,WC-2002,T-28,T-80
M-2002-20,WC-2002,T-80,T-28
M-2002-21,WC-2002,T-71,T-48
M-2002-21,WC-2002,T-48,T-71
M-2002-22,WC-2002,T-70,T-53
M-2002-22,WC-2002,T-53,T-70
M-2002-23,WC-2002,T-03,T-27
M-2002-23,WC-2002,T-27,T-03
M-2002-24,WC-2002,T-67,T-66
M-2002-24,WC-2002,T-66,T-67
M-2002-25,WC-2002,T-39,T-17
M-2002-25,WC-2002,T-17,T-39
M-2002-26,WC-2002,T-09,T-14
M-2002-26,WC-2002,T-14,T-09
M-2002-27,WC-2002,T-44,T-24
M-2002-27,WC-2002,T-24,T-44
M-2002-28,WC-2002,T-16,T-76
M-2002-28,WC-2002,T-76,T-16
M-2002-29,WC-2002,T-42,T-59
M-2002-29,WC-2002,T-59,T-42
M-2002-30,WC-2002,T-68,T-79
M-2002-30,WC-2002,T-79,T-68
M-2002-31,WC-2002,T-75,T-06
M-2002-31,WC-2002,T-06,T-75
M-2002-32,WC-2002,T-56,T-55
M-2002-32,WC-2002,T-55,T-56
M-2002-33,WC-2002,T-21,T-28
M-2002-33,WC-2002,T-28,T-21
M-2002-34,WC-2002,T-62,T-80
M-2002-34,WC-2002,T-80,T-62
M-2002-35,WC-2002,T-11,T-29
M-2002-35,WC-2002,T-29,T-11
M-2002-36,WC-2002,T-60,T-57
M-2002-36,WC-2002,T-57,T-60
M-2002-37,WC-2002,T-48,T-27
M-2002-37,WC-2002,T-27,T-48
M-2002-38,WC-2002,T-71,T-03
M-2002-38,WC-2002,T-03,T-71
M-2002-39,WC-2002,T-66,T-53
M-2002-39,WC-2002,T-53,T-66
M-2002-40,WC-2002,T-67,T-70
M-2002-40,WC-2002,T-70,T-67
M-2002-41,WC-2002,T-16,T-09
M-2002-41,WC-2002,T-09,T-16
M-2002-42,WC-2002,T-76,T-14
M-2002-42,WC-2002,T-14,T-76
M-2002-43,WC-2002,T-24,T-17
M-2002-43,WC-2002,T-17,T-24
M-2002-44,WC-2002,T-44,T-39
M-2002-44,WC-2002,T-39,T-44
M-2002-45,WC-2002,T-06,T-59
M-2002-45,WC-2002,T-59,T-06
M-2002-46,WC-2002,T-75,T-42
M-2002-46,WC-2002,T-42,T-75
M-2002-47,WC-2002,T-55,T-79
M-2002-47,WC-2002,T-79,T-55
M-2002-48,WC-2002,T-56,T-68
M-2002-48,WC-2002,T-68,T-56
M-2002-49,WC-2002,T-29,T-53
M-2002-49,WC-2002,T-53,T-29
M-2002-50,WC-2002,T-21,T-27
M-2002-50,WC-2002,T-27,T-21
M-2002-51,WC-2002,T-71,T-62
M-2002-51,WC-2002,T-62,T-71
M-2002-52,WC-2002,T-70,T-57
M-2002-52,WC-2002,T-57,T-70
M-2002-53,WC-2002,T-44,T-79
M-2002-53,WC-2002,T-79,T-44
M-2002-54,WC-2002,T-09,T-06
M-2002-54,WC-2002,T-06,T-09
M-2002-55,WC-2002,T-42,T-76
M-2002-55,WC-2002,T-76,T-42
M-2002-56,WC-2002,T-68,T-39
M-2002-56,WC-2002,T-39,T-68
M-2002-57,WC-2002,T-27,T-09
M-2002-57,WC-2002,T-09,T-27
M-2002-58,WC-2002,T-29,T-79
M-2002-58,WC-2002,T-79,T-29
M-2002-59,WC-2002,T-70,T-68
M-2002-59,WC-2002,T-68,T-70
M-2002-60,WC-2002,T-62,T-76
M-2002-60,WC-2002,T-76,T-62
M-2002-61,WC-2002,T-29,T-68
M-2002-61,WC-2002,T-68,T-29
M-2002-62,WC-2002,T-09,T-76
M-2002-62,WC-2002,T-76,T-09
M-2002-63,WC-2002,T-68,T-76
M-2002-63,WC-2002,T-76,T-68
M-2002-64,WC-2002,T-29,T-09
M-2002-64,WC-2002,T-09,T-29
M-2006-01,WC-2006,T-29,T-16
M-2006-01,WC-2006,T-16,T-29
M-2006-02,WC-2006,T-55,T-24
M-2006-02,WC-2006,T-24,T-55
M-2006-03,WC-2006,T-27,T-53
M-2006-03,WC-2006,T-53,T-27
M-2006-04,WC-2006,T-74,T-71
M-2006-04,WC-2006,T-71,T-74
M-2006-05,WC-2006,T-03,T-40
M-2006-05,WC-2006,T-40,T-03
M-2006-06,WC-2006,T-64,T-46
M-2006-06,WC-2006,T-46,T-64
M-2006-07,WC-2006,T-44,T-36
M-2006-07,WC-2006,T-36,T-44
M-2006-08,WC-2006,T-02,T-56
M-2006-08,WC-2006,T-56,T-02
M-2006-09,WC-2006,T-04,T-42
M-2006-09,WC-2006,T-42,T-04
M-2006-10,WC-2006,T-79,T-19
M-2006-10,WC-2006,T-19,T-79
M-2006-11,WC-2006,T-39,T-30
M-2006-11,WC-2006,T-30,T-39
M-2006-12,WC-2006,T-68,T-73
M-2006-12,WC-2006,T-73,T-68
M-2006-13,WC-2006,T-28,T-72
M-2006-13,WC-2006,T-72,T-28
M-2006-14,WC-2006,T-09,T-17
M-2006-14,WC-2006,T-17,T-09
M-2006-15,WC-2006,T-70,T-77
M-2006-15,WC-2006,T-77,T-70
M-2006-16,WC-2006,T-75,T-60
M-2006-16,WC-2006,T-60,T-75
M-2006-17,WC-2006,T-29,T-55
M-2006-17,WC-2006,T-55,T-29
M-2006-18,WC-2006,T-24,T-16
M-2006-18,WC-2006,T-16,T-24
M-2006-19,WC-2006,T-27,T-74
M-2006-19,WC-2006,T-74,T-27
M-2006-20,WC-2006,T-71,T-53
M-2006-20,WC-2006,T-53,T-71
M-2006-21,WC-2006,T-03,T-64
M-2006-21,WC-2006,T-64,T-03
M-2006-22,WC-2006,T-46,T-40
M-2006-22,WC-2006,T-40,T-46
M-2006-23,WC-2006,T-44,T-02
M-2006-23,WC-2006,T-02,T-44
M-2006-24,WC-2006,T-56,T-36
M-2006-24,WC-2006,T-36,T-56
M-2006-25,WC-2006,T-19,T-30
M-2006-25,WC-2006,T-30,T-19
M-2006-26,WC-2006,T-39,T-79
M-2006-26,WC-2006,T-79,T-39
M-2006-27,WC-2006,T-42,T-17
M-2006-27,WC-2006,T-17,T-42
M-2006-28,WC-2006,T-09,T-04
M-2006-28,WC-2006,T-04,T-09
M-2006-29,WC-2006,T-28,T-68
M-2006-29,WC-2006,T-68,T-28
M-2006-30,WC-2006,T-73,T-72
M-2006-30,WC-2006,T-72,T-73
M-2006-31,WC-2006,T-60,T-77
M-2006-31,WC-2006,T-77,T-60
M-2006-32,WC-2006,T-70,T-75
M-2006-32,WC-2006,T-75,T-70
M-2006-33,WC-2006,T-16,T-55
M-2006-33,WC-2006,T-55,T-16
M-2006-34,WC-2006,T-24,T-29
M-2006-34,WC-2006,T-29,T-24
M-2006-35,WC-2006,T-53,T-74
M-2006-35,WC-2006,T-74,T-53
M-2006-36,WC-2006,T-71,T-27
M-2006-36,WC-2006,T-27,T-71
M-2006-37,WC-2006,T-36,T-02
M-2006-37,WC-2006,T-02,T-36
M-2006-38,WC-2006,T-56,T-44
M-2006-38,WC-2006,T-44,T-56
M-2006-39,WC-2006,T-40,T-64
M-2006-39,WC-2006,T-64,T-40
M-2006-40,WC-2006,T-46,T-03
M-2006-40,WC-2006,T-03,T-46
M-2006-41,WC-2006,T-19,T-39
M-2006-41,WC-2006,T-39,T-19
M-2006-42,WC-2006,T-30,T-79
M-2006-42,WC-2006,T-79,T-30
M-2006-43,WC-2006,T-17,T-04
M-2006-43,WC-2006,T-04,T-17
M-2006-44,WC-2006,T-42,T-09
M-2006-44,WC-2006,T-09,T-42
M-2006-45,WC-2006,T-60,T-70
M-2006-45,WC-2006,T-70,T-60
M-2006-46,WC-2006,T-77,T-75
M-2006-46,WC-2006,T-75,T-77
M-2006-47,WC-2006,T-72,T-68
M-2006-47,WC-2006,T-68,T-72
M-2006-48,WC-2006,T-73,T-28
M-2006-48,WC-2006,T-28,T-73
M-2006-49,WC-2006,T-29,T-71
M-2006-49,WC-2006,T-71,T-29
M-2006-50,WC-2006,T-03,T-44
M-2006-50,WC-2006,T-44,T-03
M-2006-51,WC-2006,T-27,T-24
M-2006-51,WC-2006,T-24,T-27
M-2006-52,WC-2006,T-56,T-46
M-2006-52,WC-2006,T-46,T-56
M-2006-53,WC-2006,T-39,T-04
M-2006-53,WC-2006,T-04,T-39
M-2006-54,WC-2006,T-72,T-77
M-2006-54,WC-2006,T-77,T-72
M-2006-55,WC-2006,T-09,T-30
M-2006-55,WC-2006,T-30,T-09
M-2006-56,WC-2006,T-70,T-28
M-2006-56,WC-2006,T-28,T-70
M-2006-57,WC-2006,T-29,T-03
M-2006-57,WC-2006,T-03,T-29
M-2006-58,WC-2006,T-39,T-77
M-2006-58,WC-2006,T-77,T-39
M-2006-59,WC-2006,T-27,T-56
M-2006-59,WC-2006,T-56,T-27
M-2006-60,WC-2006,T-09,T-28
M-2006-60,WC-2006,T-28,T-09
M-2006-61,WC-2006,T-29,T-39
M-2006-61,WC-2006,T-39,T-29
M-2006-62,WC-2006,T-56,T-28
M-2006-62,WC-2006,T-28,T-56
M-2006-63,WC-2006,T-29,T-56
M-2006-63,WC-2006,T-56,T-29
M-2006-64,WC-2006,T-39,T-28
M-2006-64,WC-2006,T-28,T-39
M-2010-01,WC-2010,T-67,T-44
M-2010-01,WC-2010,T-44,T-67
M-2010-02,WC-2010,T-80,T-28
M-2010-02,WC-2010,T-28,T-80
M-2010-03,WC-2010,T-68,T-31
M-2010-03,WC-2010,T-31,T-68
M-2010-04,WC-2010,T-03,T-48
M-2010-04,WC-2010,T-48,T-03
M-2010-05,WC-2010,T-27,T-79
M-2010-05,WC-2010,T-79,T-27
M-2010-06,WC-2010,T-01,T-66
M-2010-06,WC-2010,T-66,T-01
M-2010-07,WC-2010,T-63,T-30
M-2010-07,WC-2010,T-30,T-63
M-2010-08,WC-2010,T-29,T-04
M-2010-08,WC-2010,T-04,T-29
M-2010-09,WC-2010,T-46,T-21
M-2010-09,WC-2010,T-21,T-46
M-2010-10,WC-2010,T-42,T-11
M-2010-10,WC-2010,T-11,T-42
M-2010-11,WC-2010,T-39,T-53
M-2010-11,WC-2010,T-53,T-39
M-2010-12,WC-2010,T-47,T-65
M-2010-12,WC-2010,T-65,T-47
M-2010-13,WC-2010,T-40,T-56
M-2010-13,WC-2010,T-56,T-40
M-2010-14,WC-2010,T-09,T-49
M-2010-14,WC-2010,T-49,T-09
M-2010-15,WC-2010,T-33,T-13
M-2010-15,WC-2010,T-13,T-33
M-2010-16,WC-2010,T-70,T-72
M-2010-16,WC-2010,T-72,T-70
M-2010-17,WC-2010,T-67,T-80
M-2010-17,WC-2010,T-80,T-67
M-2010-18,WC-2010,T-03,T-68
M-2010-18,WC-2010,T-68,T-03
M-2010-19,WC-2010,T-31,T-48
M-2010-19,WC-2010,T-48,T-31
M-2010-20,WC-2010,T-28,T-44
M-2010-20,WC-2010,T-44,T-28
M-2010-21,WC-2010,T-29,T-63
M-2010-21,WC-2010,T-63,T-29
M-2010-22,WC-2010,T-66,T-79
M-2010-22,WC-2010,T-79,T-66
M-2010-23,WC-2010,T-27,T-01
M-2010-23,WC-2010,T-01,T-27
M-2010-24,WC-2010,T-46,T-42
M-2010-24,WC-2010,T-42,T-46
M-2010-25,WC-2010,T-30,T-04
M-2010-25,WC-2010,T-04,T-30
M-2010-26,WC-2010,T-11,T-21
M-2010-26,WC-2010,T-21,T-11
M-2010-27,WC-2010,T-65,T-53
M-2010-27,WC-2010,T-53,T-65
M-2010-28,WC-2010,T-39,T-47
M-2010-28,WC-2010,T-47,T-39
M-2010-29,WC-2010,T-09,T-40
M-2010-29,WC-2010,T-40,T-09
M-2010-30,WC-2010,T-56,T-49
M-2010-30,WC-2010,T-49,T-56
M-2010-31,WC-2010,T-13,T-72
M-2010-31,WC-2010,T-72,T-13
M-2010-32,WC-2010,T-70,T-33
M-2010-32,WC-2010,T-33,T-70
M-2010-33,WC-2010,T-28,T-67
M-2010-33,WC-2010,T-67,T-28
M-2010-34,WC-2010,T-44,T-80
M-2010-34,WC-2010,T-80,T-44
M-2010-35,WC-2010,T-31,T-03
M-2010-35,WC-2010,T-03,T-31
M-2010-36,WC-2010,T-48,T-68
M-2010-36,WC-2010,T-68,T-48
M-2010-37,WC-2010,T-66,T-27
M-2010-37,WC-2010,T-27,T-66
M-2010-38,WC-2010,T-79,T-01
M-2010-38,WC-2010,T-01,T-79
M-2010-39,WC-2010,T-04,T-63
M-2010-39,WC-2010,T-63,T-04
M-2010-40,WC-2010,T-30,T-29
M-2010-40,WC-2010,T-29,T-30
M-2010-41,WC-2010,T-53,T-47
M-2010-41,WC-2010,T-47,T-53
M-2010-42,WC-2010,T-65,T-39
M-2010-42,WC-2010,T-39,T-65
M-2010-43,WC-2010,T-11,T-46
M-2010-43,WC-2010,T-46,T-11
M-2010-44,WC-2010,T-21,T-42
M-2010-44,WC-2010,T-42,T-21
M-2010-45,WC-2010,T-49,T-40
M-2010-45,WC-2010,T-40,T-49
M-2010-46,WC-2010,T-56,T-09
M-2010-46,WC-2010,T-09,T-56
M-2010-47,WC-2010,T-13,T-70
M-2010-47,WC-2010,T-70,T-13
M-2010-48,WC-2010,T-72,T-33
M-2010-48,WC-2010,T-33,T-72
M-2010-49,WC-2010,T-80,T-68
M-2010-49,WC-2010,T-68,T-80
M-2010-50,WC-2010,T-79,T-30
M-2010-50,WC-2010,T-30,T-79
M-2010-51,WC-2010,T-29,T-27
M-2010-51,WC-2010,T-27,T-29
M-2010-52,WC-2010,T-03,T-44
M-2010-52,WC-2010,T-44,T-03
M-2010-53,WC-2010,T-46,T-65
M-2010-53,WC-2010,T-65,T-46
M-2010-54,WC-2010,T-09,T-13
M-2010-54,WC-2010,T-13,T-09
M-2010-55,WC-2010,T-53,T-42
M-2010-55,WC-2010,T-42,T-53
M-2010-56,WC-2010,T-70,T-56
M-2010-56,WC-2010,T-56,T-70
M-2010-57,WC-2010,T-46,T-09
M-2010-57,WC-2010,T-09,T-46
M-2010-58,WC-2010,T-80,T-30
M-2010-58,WC-2010,T-30,T-80
M-2010-59,WC-2010,T-03,T-29
M-2010-59,WC-2010,T-29,T-03
M-2010-60,WC-2010,T-53,T-70
M-2010-60,WC-2010,T-70,T-53
M-2010-61,WC-2010,T-80,T-46
M-2010-61,WC-2010,T-46,T-80
M-2010-62,WC-2010,T-29,T-70
M-2010-62,WC-2010,T-70,T-29
M-2010-63,WC-2010,T-80,T-29
M-2010-63,WC-2010,T-29,T-80
M-2010-64,WC-2010,T-46,T-70
M-2010-64,WC-2010,T-70,T-46
M-2014-01,WC-2014,T-09,T-17
M-2014-01,WC-2014,T-17,T-09
M-2014-02,WC-2014,T-44,T-11
M-2014-02,WC-2014,T-11,T-44
M-2014-03,WC-2014,T-70,T-46
M-2014-03,WC-2014,T-46,T-70
M-2014-04,WC-2014,T-13,T-04
M-2014-04,WC-2014,T-04,T-13
M-2014-05,WC-2014,T-15,T-31
M-2014-05,WC-2014,T-31,T-15
M-2014-06,WC-2014,T-80,T-16
M-2014-06,WC-2014,T-16,T-80
M-2014-07,WC-2014,T-27,T-39
M-2014-07,WC-2014,T-39,T-27
M-2014-08,WC-2014,T-40,T-42
M-2014-08,WC-2014,T-42,T-40
M-2014-09,WC-2014,T-72,T-24
M-2014-09,WC-2014,T-24,T-72
M-2014-10,WC-2014,T-28,T-33
M-2014-10,WC-2014,T-33,T-28
M-2014-11,WC-2014,T-03,T-08
M-2014-11,WC-2014,T-08,T-03
M-2014-12,WC-2014,T-29,T-56
M-2014-12,WC-2014,T-56,T-29
M-2014-13,WC-2014,T-36,T-48
M-2014-13,WC-2014,T-48,T-36
M-2014-14,WC-2014,T-30,T-79
M-2014-14,WC-2014,T-79,T-30
M-2014-15,WC-2014,T-06,T-01
M-2014-15,WC-2014,T-01,T-06
M-2014-16,WC-2014,T-09,T-44
M-2014-16,WC-2014,T-44,T-09
M-2014-17,WC-2014,T-59,T-68
M-2014-17,WC-2014,T-68,T-59
M-2014-18,WC-2014,T-04,T-46
M-2014-18,WC-2014,T-46,T-04
M-2014-19,WC-2014,T-70,T-13
M-2014-19,WC-2014,T-13,T-70
M-2014-20,WC-2014,T-11,T-17
M-2014-20,WC-2014,T-17,T-11
M-2014-21,WC-2014,T-15,T-40
M-2014-21,WC-2014,T-40,T-15
M-2014-22,WC-2014,T-80,T-27
M-2014-22,WC-2014,T-27,T-80
M-2014-23,WC-2014,T-42,T-31
M-2014-23,WC-2014,T-31,T-42
M-2014-24,WC-2014,T-39,T-16
M-2014-24,WC-2014,T-16,T-39
M-2014-25,WC-2014,T-72,T-28
M-2014-25,WC-2014,T-28,T-72
M-2014-26,WC-2014,T-33,T-24
M-2014-26,WC-2014,T-24,T-33
M-2014-27,WC-2014,T-03,T-36
M-2014-27,WC-2014,T-36,T-03
M-2014-28,WC-2014,T-29,T-30
M-2014-28,WC-2014,T-30,T-29
M-2014-29,WC-2014,T-48,T-08
M-2014-29,WC-2014,T-08,T-48
M-2014-30,WC-2014,T-06,T-59
M-2014-30,WC-2014,T-59,T-06
M-2014-31,WC-2014,T-68,T-01
M-2014-31,WC-2014,T-01,T-68
M-2014-32,WC-2014,T-79,T-56
M-2014-32,WC-2014,T-56,T-79
M-2014-33,WC-2014,T-04,T-70
M-2014-33,WC-2014,T-70,T-04
M-2014-34,WC-2014,T-46,T-13
M-2014-34,WC-2014,T-13,T-46
M-2014-35,WC-2014,T-11,T-09
M-2014-35,WC-2014,T-09,T-11
M-2014-36,WC-2014,T-17,T-44
M-2014-36,WC-2014,T-44,T-17
M-2014-37,WC-2014,T-16,T-27
M-2014-37,WC-2014,T-27,T-16
M-2014-38,WC-2014,T-39,T-80
M-2014-38,WC-2014,T-80,T-39
M-2014-39,WC-2014,T-42,T-15
M-2014-39,WC-2014,T-15,T-42
M-2014-40,WC-2014,T-31,T-40
M-2014-40,WC-2014,T-40,T-31
M-2014-41,WC-2014,T-08,T-36
M-2014-41,WC-2014,T-36,T-08
M-2014-42,WC-2014,T-48,T-03
M-2014-42,WC-2014,T-03,T-48
M-2014-43,WC-2014,T-33,T-72
M-2014-43,WC-2014,T-72,T-33
M-2014-44,WC-2014,T-24,T-28
M-2014-44,WC-2014,T-28,T-24
M-2014-45,WC-2014,T-56,T-30
M-2014-45,WC-2014,T-30,T-56
M-2014-46,WC-2014,T-79,T-29
M-2014-46,WC-2014,T-29,T-79
M-2014-47,WC-2014,T-01,T-59
M-2014-47,WC-2014,T-59,T-01
M-2014-48,WC-2014,T-68,T-06
M-2014-48,WC-2014,T-06,T-68
M-2014-49,WC-2014,T-09,T-13
M-2014-49,WC-2014,T-13,T-09
M-2014-50,WC-2014,T-15,T-80
M-2014-50,WC-2014,T-80,T-15
M-2014-51,WC-2014,T-46,T-44
M-2014-51,WC-2014,T-44,T-46
M-2014-52,WC-2014,T-16,T-31
M-2014-52,WC-2014,T-31,T-16
M-2014-53,WC-2014,T-28,T-48
M-2014-53,WC-2014,T-48,T-28
M-2014-54,WC-2014,T-29,T-01
M-2014-54,WC-2014,T-01,T-29
M-2014-55,WC-2014,T-03,T-72
M-2014-55,WC-2014,T-72,T-03
M-2014-56,WC-2014,T-06,T-79
M-2014-56,WC-2014,T-79,T-06
M-2014-57,WC-2014,T-28,T-29
M-2014-57,WC-2014,T-29,T-28
M-2014-58,WC-2014,T-09,T-15
M-2014-58,WC-2014,T-15,T-09
M-2014-59,WC-2014,T-03,T-06
M-2014-59,WC-2014,T-06,T-03
M-2014-60,WC-2014,T-46,T-16
M-2014-60,WC-2014,T-16,T-46
M-2014-61,WC-2014,T-09,T-29
M-2014-61,WC-2014,T-29,T-09
M-2014-62,WC-2014,T-46,T-03
M-2014-62,WC-2014,T-03,T-46
M-2014-63,WC-2014,T-09,T-46
M-2014-63,WC-2014,T-46,T-09
M-2014-64,WC-2014,T-29,T-03
M-2014-64,WC-2014,T-03,T-29
M-2018-01,WC-2018,T-59,T-60
M-2018-01,WC-2018,T-60,T-59
M-2018-02,WC-2018,T-25,T-80
M-2018-02,WC-2018,T-80,T-25
M-2018-03,WC-2018,T-45,T-36
M-2018-03,WC-2018,T-36,T-45
M-2018-04,WC-2018,T-56,T-70
M-2018-04,WC-2018,T-70,T-56
M-2018-05,WC-2018,T-28,T-04
M-2018-05,WC-2018,T-04,T-28
M-2018-06,WC-2018,T-03,T-35
M-2018-06,WC-2018,T-35,T-03
M-2018-07,WC-2018,T-54,T-21
M-2018-07,WC-2018,T-21,T-54
M-2018-08,WC-2018,T-17,T-48
M-2018-08,WC-2018,T-48,T-17
M-2018-09,WC-2018,T-16,T-63
M-2018-09,WC-2018,T-63,T-16
M-2018-10,WC-2018,T-29,T-44
M-2018-10,WC-2018,T-44,T-29
M-2018-11,WC-2018,T-09,T-72
M-2018-11,WC-2018,T-72,T-09
M-2018-12,WC-2018,T-71,T-68
M-2018-12,WC-2018,T-68,T-71
M-2018-13,WC-2018,T-06,T-52
M-2018-13,WC-2018,T-52,T-06
M-2018-14,WC-2018,T-75,T-27
M-2018-14,WC-2018,T-27,T-75
M-2018-15,WC-2018,T-15,T-42
M-2018-15,WC-2018,T-42,T-15
M-2018-16,WC-2018,T-55,T-62
M-2018-16,WC-2018,T-62,T-55
M-2018-17,WC-2018,T-59,T-25
M-2018-17,WC-2018,T-25,T-59
M-2018-18,WC-2018,T-56,T-45
M-2018-18,WC-2018,T-45,T-56
M-2018-19,WC-2018,T-80,T-60
M-2018-19,WC-2018,T-60,T-80
M-2018-20,WC-2018,T-36,T-70
M-2018-20,WC-2018,T-70,T-36
M-2018-21,WC-2018,T-21,T-04
M-2018-21,WC-2018,T-04,T-21
M-2018-22,WC-2018,T-28,T-54
M-2018-22,WC-2018,T-54,T-28
M-2018-23,WC-2018,T-03,T-17
M-2018-23,WC-2018,T-17,T-03
M-2018-24,WC-2018,T-09,T-16
M-2018-24,WC-2018,T-16,T-09
M-2018-25,WC-2018,T-48,T-35
M-2018-25,WC-2018,T-35,T-48
M-2018-26,WC-2018,T-63,T-72
M-2018-26,WC-2018,T-72,T-63
M-2018-27,WC-2018,T-06,T-75
M-2018-27,WC-2018,T-75,T-06
M-2018-28,WC-2018,T-68,T-44
M-2018-28,WC-2018,T-44,T-68
M-2018-29,WC-2018,T-29,T-71
M-2018-29,WC-2018,T-71,T-29
M-2018-30,WC-2018,T-27,T-52
M-2018-30,WC-2018,T-52,T-27
M-2018-31,WC-2018,T-42,T-62
M-2018-31,WC-2018,T-62,T-42
M-2018-32,WC-2018,T-55,T-15
M-2018-32,WC-2018,T-15,T-55
M-2018-33,WC-2018,T-60,T-25
M-2018-33,WC-2018,T-25,T-60
M-2018-34,WC-2018,T-80,T-59
M-2018-34,WC-2018,T-59,T-80
M-2018-35,WC-2018,T-70,T-45
M-2018-35,WC-2018,T-45,T-70
M-2018-36,WC-2018,T-36,T-56
M-2018-36,WC-2018,T-56,T-36
M-2018-37,WC-2018,T-04,T-54
M-2018-37,WC-2018,T-54,T-04
M-2018-38,WC-2018,T-21,T-28
M-2018-38,WC-2018,T-28,T-21
M-2018-39,WC-2018,T-35,T-17
M-2018-39,WC-2018,T-17,T-35
M-2018-40,WC-2018,T-48,T-03
M-2018-40,WC-2018,T-03,T-48
M-2018-41,WC-2018,T-68,T-29
M-2018-41,WC-2018,T-29,T-68
M-2018-42,WC-2018,T-44,T-71
M-2018-42,WC-2018,T-71,T-44
M-2018-43,WC-2018,T-63,T-09
M-2018-43,WC-2018,T-09,T-63
M-2018-44,WC-2018,T-72,T-16
M-2018-44,WC-2018,T-16,T-72
M-2018-45,WC-2018,T-42,T-55
M-2018-45,WC-2018,T-55,T-42
M-2018-46,WC-2018,T-62,T-15
M-2018-46,WC-2018,T-15,T-62
M-2018-47,WC-2018,T-27,T-06
M-2018-47,WC-2018,T-06,T-27
M-2018-48,WC-2018,T-52,T-75
M-2018-48,WC-2018,T-75,T-52
M-2018-49,WC-2018,T-28,T-03
M-2018-49,WC-2018,T-03,T-28
M-2018-50,WC-2018,T-80,T-56
M-2018-50,WC-2018,T-56,T-80
M-2018-51,WC-2018,T-70,T-59
M-2018-51,WC-2018,T-59,T-70
M-2018-52,WC-2018,T-17,T-21
M-2018-52,WC-2018,T-21,T-17
M-2018-53,WC-2018,T-09,T-44
M-2018-53,WC-2018,T-44,T-09
M-2018-54,WC-2018,T-06,T-42
M-2018-54,WC-2018,T-42,T-06
M-2018-55,WC-2018,T-71,T-72
M-2018-55,WC-2018,T-72,T-71
M-2018-56,WC-2018,T-15,T-27
M-2018-56,WC-2018,T-27,T-15
M-2018-57,WC-2018,T-80,T-28
M-2018-57,WC-2018,T-28,T-80
M-2018-58,WC-2018,T-09,T-06
M-2018-58,WC-2018,T-06,T-09
M-2018-59,WC-2018,T-71,T-27
M-2018-59,WC-2018,T-27,T-71
M-2018-60,WC-2018,T-59,T-17
M-2018-60,WC-2018,T-17,T-59
M-2018-61,WC-2018,T-28,T-06
M-2018-61,WC-2018,T-06,T-28
M-2018-62,WC-2018,T-17,T-27
M-2018-62,WC-2018,T-27,T-17
M-2018-63,WC-2018,T-06,T-27
M-2018-63,WC-2018,T-27,T-06
M-2018-64,WC-2018,T-28,T-17
M-2018-64,WC-2018,T-17,T-28